Workbook

Sheet Optimal Choice
A1: This sheet models perfectly optimal gameplay of an idle game with 5 generators. We give players a single instance of Generator 1 to start (though you can modify this on the Calculations tab). At every decision point (i.e. after each purchase) the best next purchase (based on income vs. cost) is selected. We then calculate the time required to afford it at the current income rate, buy it, and repeat. The result is a theoretical maximum performance for the game. IMPORTANT NOTE: This model simpifies income to be a steady rate per second, when in reality it's a combination of income per cycle and length of cycle. Due to this, the slower generators produce income faster than they would have which will favor them early on instead of having players wait for them to kick in. The default values below are the real values from AdVenture Capitalist for the first 5 business. And yes, you can indeed go this quickly (I verified for the first minute), though it's very difficult with all of the clicking involved!
A5: Generator 1
A6: Base Income | B6: 1.67
A7: Starting Cost | B7: 4
A8: Cost Mult Factor | B8: 1.07
A10: Generator 2
A11: Base Income | B11: 20
A12: Starting Cost | B12: 60
A13: Cost Mult Factor | B13: 1.15
A15: Generator 3
A16: Base Income | B16: 90
A17: Starting Cost | B17: 720
A18: Cost Mult Factor | B18: 1.14
A20: Generator 4
A21: Base Income | B21: 360
A22: Starting Cost | B22: 8640
A23: Cost Mult Factor | B23: 1.13
A25: Generator 5
A26: Base Income | B26: 2160
A27: Starting Cost | B27: 103680
A28: Cost Mult Factor | B28: 1.12
A30: Prestige Multiple | B30: 1

Sheet Calculations
A1: Minutes | B1: Income / Sec | C1: Item 1 Score | D1: Item 2 Score | E1: Item 3 Score | F1: Item 4 Score | G1: Item 5 Score | I1: Generator 1 Count | J1: Generator 2 Count | K1: Generator 3 Count | L1: Generator 4 Count | M1: Generator 5 Count | O1: Item 1 Cost | P1: Item 2 Cost | Q1: Item 3 Cost | R1: Item 4 Cost | S1: Item 5 Cost
A2: 0 | B2: =(I2*'Optimal Choice'!$B$6+J2*'Optimal Choice'!$B$11+K2*'Optimal Choice'!$B$16+L2*'Optimal Choice'!$B$21+M2*'Optimal Choice'!$B$26)*'Optimal Choice'!$B$30 -> 1.67 | C2: =(O2/$B2)+(O2/'Optimal Choice'!$B$6) -> 5.4845509 | D2: =(P2/$B2)+(P2/'Optimal Choice'!$B$11) -> 44.767365 | E2: =(Q2/$B2)+(Q2/'Optimal Choice'!$B$16) -> 500.61701 | F2: =(R2/$B2)+(R2/'Optimal Choice'!$B$21) -> 5873.3475 | G2: =(S2/$B2)+(S2/'Optimal Choice'!$B$26) -> 69587.652 | I2: 1 | J2: 0 | K2: 0 | L2: 0 | M2: 0 | O2: ='Optimal Choice'!$B$7*'Optimal Choice'!$B$8^(I2+1) -> 4.5796 | P2: ='Optimal Choice'!$B$12*'Optimal Choice'!$B$13^(J2+1) -> 69 | Q2: ='Optimal Choice'!$B$17*'Optimal Choice'!$B$18^(K2+1) -> 820.8 | R2: ='Optimal Choice'!$B$22*'Optimal Choice'!$B$23^(L2+1) -> 9763.2 | S2: ='Optimal Choice'!$B$27*'Optimal Choice'!$B$28^(M2+1) -> 116121.6
A3: =A2+(index(O2:S2,1,match(min(C2:G2),C2:G2,0))/B2)/60 -> 0.045704591 | B3: =(I3*'Optimal Choice'!$B$6+J3*'Optimal Choice'!$B$11+K3*'Optimal Choice'!$B$16+L3*'Optimal Choice'!$B$21+M3*'Optimal Choice'!$B$26)*'Optimal Choice'!$B$30 -> 3.34 | C3: =(O3/$B3)+(O3/'Optimal Choice'!$B$6) -> 4.4013521 | D3: =(P3/$B3)+(P3/'Optimal Choice'!$B$11) -> 24.108683 | E3: =(Q3/$B3)+(Q3/'Optimal Choice'!$B$16) -> 254.8685 | F3: =(R3/$B3)+(R3/'Optimal Choice'!$B$21) -> 2950.2338 | G3: =(S3/$B3)+(S3/'Optimal Choice'!$B$26) -> 34820.706 | I3: =if(min($C2:$G2)=C2,I2+1,I2) -> 2 | J3: =if(min($C2:$G2)=D2,J2+1,J2) -> 0 | K3: =if(min($C2:$G2)=E2,K2+1,K2) -> 0 | L3: =if(min($C2:$G2)=F2,L2+1,L2) -> 0 | M3: =if(min($C2:$G2)=G2,M2+1,M2) -> 0 | O3: ='Optimal Choice'!$B$7*'Optimal Choice'!$B$8^(I3+1) -> 4.900172 | P3: ='Optimal Choice'!$B$12*'Optimal Choice'!$B$13^(J3+1) -> 69 | Q3: ='Optimal Choice'!$B$17*'Optimal Choice'!$B$18^(K3+1) -> 820.8 | R3: ='Optimal Choice'!$B$22*'Optimal Choice'!$B$23^(L3+1) -> 9763.2 | S3: ='Optimal Choice'!$B$27*'Optimal Choice'!$B$28^(M3+1) -> 116121.6
A4: =A3+(index(O3:S3,1,match(min(C3:G3),C3:G3,0))/B3)/60 -> 0.070156547 | B4: =(I4*'Optimal Choice'!$B$6+J4*'Optimal Choice'!$B$11+K4*'Optimal Choice'!$B$16+L4*'Optimal Choice'!$B$21+M4*'Optimal Choice'!$B$26)*'Optimal Choice'!$B$30 -> 5.01 | C4: =(O4/$B4)+(O4/'Optimal Choice'!$B$6) -> 4.1861749 | D4: =(P4/$B4)+(P4/'Optimal Choice'!$B$11) -> 17.222455 | E4: =(Q4/$B4)+(Q4/'Optimal Choice'!$B$16) -> 172.95234 | F4: =(R4/$B4)+(R4/'Optimal Choice'!$B$21) -> 1975.8625 | G4: =(S4/$B4)+(S4/'Optimal Choice'!$B$26) -> 23231.724 | I4: =if(min($C3:$G3)=C3,I3+1,I3) -> 3 | J4: =if(min($C3:$G3)=D3,J3+1,J3) -> 0 | K4: =if(min($C3:$G3)=E3,K3+1,K3) -> 0 | L4: =if(min($C3:$G3)=F3,L3+1,L3) -> 0 | M4: =if(min($C3:$G3)=G3,M3+1,M3) -> 0 | O4: ='Optimal Choice'!$B$7*'Optimal Choice'!$B$8^(I4+1) -> 5.243184 | P4: ='Optimal Choice'!$B$12*'Optimal Choice'!$B$13^(J4+1) -> 69 | Q4: ='Optimal Choice'!$B$17*'Optimal Choice'!$B$18^(K4+1) -> 820.8 | R4: ='Optimal Choice'!$B$22*'Optimal Choice'!$B$23^(L4+1) -> 9763.2 | S4: ='Optimal Choice'!$B$27*'Optimal Choice'!$B$28^(M4+1) -> 116121.6
A5: =A4+(index(O4:S4,1,match(min(C4:G4),C4:G4,0))/B4)/60 -> 0.087598942 | B5: =(I5*'Optimal Choice'!$B$6+J5*'Optimal Choice'!$B$11+K5*'Optimal Choice'!$B$16+L5*'Optimal Choice'!$B$21+M5*'Optimal Choice'!$B$26)*'Optimal Choice'!$B$30 -> 6.68 | C5: =(O5/$B5)+(O5/'Optimal Choice'!$B$6) -> 4.1992567 | D5: =(P5/$B5)+(P5/'Optimal Choice'!$B$11) -> 13.779341 | E5: =(Q5/$B5)+(Q5/'Optimal Choice'!$B$16) -> 131.99425 | F5: =(R5/$B5)+(R5/'Optimal Choice'!$B$21) -> 1488.6769 | G5: =(S5/$B5)+(S5/'Optimal Choice'!$B$26) -> 17437.233 | I5: =if(min($C4:$G4)=C4,I4+1,I4) -> 4 | J5: =if(min($C4:$G4)=D4,J4+1,J4) -> 0 | K5: =if(min($C4:$G4)=E4,K4+1,K4) -> 0 | L5: =if(min($C4:$G4)=F4,L4+1,L4) -> 0 | M5: =if(min($C4:$G4)=G4,M4+1,M4) -> 0 | O5: ='Optimal Choice'!$B$7*'Optimal Choice'!$B$8^(I5+1) -> 5.6102069 | P5: ='Optimal Choice'!$B$12*'Optimal Choice'!$B$13^(J5+1) -> 69 | Q5: ='Optimal Choice'!$B$17*'Optimal Choice'!$B$18^(K5+1) -> 820.8 | R5: ='Optimal Choice'!$B$22*'Optimal Choice'!$B$23^(L5+1) -> 9763.2 | S5: ='Optimal Choice'!$B$27*'Optimal Choice'!$B$28^(M5+1) -> 116121.6
A6: =A5+(index(O5:S5,1,match(min(C5:G5),C5:G5,0))/B5)/60 -> 0.10159646 | B6: =(I6*'Optimal Choice'!$B$6+J6*'Optimal Choice'!$B$11+K6*'Optimal Choice'!$B$16+L6*'Optimal Choice'!$B$21+M6*'Optimal Choice'!$B$26)*'Optimal Choice'!$B$30 -> 8.35 | C6: =(O6/$B6)+(O6/'Optimal Choice'!$B$6) -> 4.3134765 | D6: =(P6/$B6)+(P6/'Optimal Choice'!$B$11) -> 11.713473 | E6: =(Q6/$B6)+(Q6/'Optimal Choice'!$B$16) -> 107.4194 | F6: =(R6/$B6)+(R6/'Optimal Choice'!$B$21) -> 1196.3655 | G6: =(S6/$B6)+(S6/'Optimal Choice'!$B$26) -> 13960.538 | I6: =if(min($C5:$G5)=C5,I5+1,I5) -> 5 | J6: =if(min($C5:$G5)=D5,J5+1,J5) -> 0 | K6: =if(min($C5:$G5)=E5,K5+1,K5) -> 0 | L6: =if(min($C5:$G5)=F5,L5+1,L5) -> 0 | M6: =if(min($C5:$G5)=G5,M5+1,M5) -> 0 | O6: ='Optimal Choice'!$B$7*'Optimal Choice'!$B$8^(I6+1) -> 6.0029214 | P6: ='Optimal Choice'!$B$12*'Optimal Choice'!$B$13^(J6+1) -> 69 | Q6: ='Optimal Choice'!$B$17*'Optimal Choice'!$B$18^(K6+1) -> 820.8 | R6: ='Optimal Choice'!$B$22*'Optimal Choice'!$B$23^(L6+1) -> 9763.2 | S6: ='Optimal Choice'!$B$27*'Optimal Choice'!$B$28^(M6+1) -> 116121.6
A7: =A6+(index(O6:S6,1,match(min(C6:G6),C6:G6,0))/B6)/60 -> 0.11357834 | B7: =(I7*'Optimal Choice'!$B$6+J7*'Optimal Choice'!$B$11+K7*'Optimal Choice'!$B$16+L7*'Optimal Choice'!$B$21+M7*'Optimal Choice'!$B$26)*'Optimal Choice'!$B$30 -> 10.02 | C7: =(O7/$B7)+(O7/'Optimal Choice'!$B$6) -> 4.4872137 | D7: =(P7/$B7)+(P7/'Optimal Choice'!$B$11) -> 10.336228 | E7: =(Q7/$B7)+(Q7/'Optimal Choice'!$B$16) -> 91.036168 | F7: =(R7/$B7)+(R7/'Optimal Choice'!$B$21) -> 1001.4913 | G7: =(S7/$B7)+(S7/'Optimal Choice'!$B$26) -> 11642.742 | I7: =if(min($C6:$G6)=C6,I6+1,I6) -> 6 | J7: =if(min($C6:$G6)=D6,J6+1,J6) -> 0 | K7: =if(min($C6:$G6)=E6,K6+1,K6) -> 0 | L7: =if(min($C6:$G6)=F6,L6+1,L6) -> 0 | M7: =if(min($C6:$G6)=G6,M6+1,M6) -> 0 | O7: ='Optimal Choice'!$B$7*'Optimal Choice'!$B$8^(I7+1) -> 6.4231259 | P7: ='Optimal Choice'!$B$12*'Optimal Choice'!$B$13^(J7+1) -> 69 | Q7: ='Optimal Choice'!$B$17*'Optimal Choice'!$B$18^(K7+1) -> 820.8 | R7: ='Optimal Choice'!$B$22*'Optimal Choice'!$B$23^(L7+1) -> 9763.2 | S7: ='Optimal Choice'!$B$27*'Optimal Choice'!$B$28^(M7+1) -> 116121.6
A8: =A7+(index(O7:S7,1,match(min(C7:G7),C7:G7,0))/B7)/60 -> 0.12426219 | B8: =(I8*'Optimal Choice'!$B$6+J8*'Optimal Choice'!$B$11+K8*'Optimal Choice'!$B$16+L8*'Optimal Choice'!$B$21+M8*'Optimal Choice'!$B$26)*'Optimal Choice'!$B$30 -> 11.69 | C8: =(O8/$B8)+(O8/'Optimal Choice'!$B$6) -> 4.7033326 | D8: =(P8/$B8)+(P8/'Optimal Choice'!$B$11) -> 9.3524808 | E8: =(Q8/$B8)+(Q8/'Optimal Choice'!$B$16) -> 79.333858 | F8: =(R8/$B8)+(R8/'Optimal Choice'!$B$21) -> 862.29536 | G8: =(S8/$B8)+(S8/'Optimal Choice'!$B$26) -> 9987.1732 | I8: =if(min($C7:$G7)=C7,I7+1,I7) -> 7 | J8: =if(min($C7:$G7)=D7,J7+1,J7) -> 0 | K8: =if(min($C7:$G7)=E7,K7+1,K7) -> 0 | L8: =if(min($C7:$G7)=F7,L7+1,L7) -> 0 | M8: =if(min($C7:$G7)=G7,M7+1,M7) -> 0 | O8: ='Optimal Choice'!$B$7*'Optimal Choice'!$B$8^(I8+1) -> 6.8727447 | P8: ='Optimal Choice'!$B$12*'Optimal Choice'!$B$13^(J8+1) -> 69 | Q8: ='Optimal Choice'!$B$17*'Optimal Choice'!$B$18^(K8+1) -> 820.8 | R8: ='Optimal Choice'!$B$22*'Optimal Choice'!$B$23^(L8+1) -> 9763.2 | S8: ='Optimal Choice'!$B$27*'Optimal Choice'!$B$28^(M8+1) -> 116121.6
A9: =A8+(index(O8:S8,1,match(min(C8:G8),C8:G8,0))/B8)/60 -> 0.1340608 | B9: =(I9*'Optimal Choice'!$B$6+J9*'Optimal Choice'!$B$11+K9*'Optimal Choice'!$B$16+L9*'Optimal Choice'!$B$21+M9*'Optimal Choice'!$B$26)*'Optimal Choice'!$B$30 -> 13.36 | C9: =(O9/$B9)+(O9/'Optimal Choice'!$B$6) -> 4.953932 | D9: =(P9/$B9)+(P9/'Optimal Choice'!$B$11) -> 8.6146707 | E9: =(Q9/$B9)+(Q9/'Optimal Choice'!$B$16) -> 70.557126 | F9: =(R9/$B9)+(R9/'Optimal Choice'!$B$21) -> 757.89844 | G9: =(S9/$B9)+(S9/'Optimal Choice'!$B$26) -> 8745.4965 | I9: =if(min($C8:$G8)=C8,I8+1,I8) -> 8 | J9: =if(min($C8:$G8)=D8,J8+1,J8) -> 0 | K9: =if(min($C8:$G8)=E8,K8+1,K8) -> 0 | L9: =if(min($C8:$G8)=F8,L8+1,L8) -> 0 | M9: =if(min($C8:$G8)=G8,M8+1,M8) -> 0 | O9: ='Optimal Choice'!$B$7*'Optimal Choice'!$B$8^(I9+1) -> 7.3538369 | P9: ='Optimal Choice'!$B$12*'Optimal Choice'!$B$13^(J9+1) -> 69 | Q9: ='Optimal Choice'!$B$17*'Optimal Choice'!$B$18^(K9+1) -> 820.8 | R9: ='Optimal Choice'!$B$22*'Optimal Choice'!$B$23^(L9+1) -> 9763.2 | S9: ='Optimal Choice'!$B$27*'Optimal Choice'!$B$28^(M9+1) -> 116121.6
A10: =A9+(index(O9:S9,1,match(min(C9:G9),C9:G9,0))/B9)/60 -> 0.14323474 | B10: =(I10*'Optimal Choice'!$B$6+J10*'Optimal Choice'!$B$11+K10*'Optimal Choice'!$B$16+L10*'Optimal Choice'!$B$21+M10*'Optimal Choice'!$B$26)*'Optimal Choice'!$B$30 -> 15.03 | C10: =(O10/$B10)+(O10/'Optimal Choice'!$B$6) -> 5.2352664 | D10: =(P10/$B10)+(P10/'Optimal Choice'!$B$11) -> 8.0408184 | E10: =(Q10/$B10)+(Q10/'Optimal Choice'!$B$16) -> 63.730778 | F10: =(R10/$B10)+(R10/'Optimal Choice'!$B$21) -> 676.70084 | G10: =(S10/$B10)+(S10/'Optimal Choice'!$B$26) -> 7779.748 | I10: =if(min($C9:$G9)=C9,I9+1,I9) -> 9 | J10: =if(min($C9:$G9)=D9,J9+1,J9) -> 0 | K10: =if(min($C9:$G9)=E9,K9+1,K9) -> 0 | L10: =if(min($C9:$G9)=F9,L9+1,L9) -> 0 | M10: =if(min($C9:$G9)=G9,M9+1,M9) -> 0 | O10: ='Optimal Choice'!$B$7*'Optimal Choice'!$B$8^(I10+1) -> 7.8686054 | P10: ='Optimal Choice'!$B$12*'Optimal Choice'!$B$13^(J10+1) -> 69 | Q10: ='Optimal Choice'!$B$17*'Optimal Choice'!$B$18^(K10+1) -> 820.8 | R10: ='Optimal Choice'!$B$22*'Optimal Choice'!$B$23^(L10+1) -> 9763.2 | S10: ='Optimal Choice'!$B$27*'Optimal Choice'!$B$28^(M10+1) -> 116121.6
A11: =A10+(index(O10:S10,1,match(min(C10:G10),C10:G10,0))/B10)/60 -> 0.15196019 | B11: =(I11*'Optimal Choice'!$B$6+J11*'Optimal Choice'!$B$11+K11*'Optimal Choice'!$B$16+L11*'Optimal Choice'!$B$21+M11*'Optimal Choice'!$B$26)*'Optimal Choice'!$B$30 -> 16.7 | C11: =(O11/$B11)+(O11/'Optimal Choice'!$B$6) -> 5.5457177 | D11: =(P11/$B11)+(P11/'Optimal Choice'!$B$11) -> 7.5817365 | E11: =(Q11/$B11)+(Q11/'Optimal Choice'!$B$16) -> 58.269701 | F11: =(R11/$B11)+(R11/'Optimal Choice'!$B$21) -> 611.74275 | G11: =(S11/$B11)+(S11/'Optimal Choice'!$B$26) -> 7007.1492 | I11: =if(min($C10:$G10)=C10,I10+1,I10) -> 10 | J11: =if(min($C10:$G10)=D10,J10+1,J10) -> 0 | K11: =if(min($C10:$G10)=E10,K10+1,K10) -> 0 | L11: =if(min($C10:$G10)=F10,L10+1,L10) -> 0 | M11: =if(min($C10:$G10)=G10,M10+1,M10) -> 0 | O11: ='Optimal Choice'!$B$7*'Optimal Choice'!$B$8^(I11+1) -> 8.4194078 | P11: ='Optimal Choice'!$B$12*'Optimal Choice'!$B$13^(J11+1) -> 69 | Q11: ='Optimal Choice'!$B$17*'Optimal Choice'!$B$18^(K11+1) -> 820.8 | R11: ='Optimal Choice'!$B$22*'Optimal Choice'!$B$23^(L11+1) -> 9763.2 | S11: ='Optimal Choice'!$B$27*'Optimal Choice'!$B$28^(M11+1) -> 116121.6
A12: =A11+(index(O11:S11,1,match(min(C11:G11),C11:G11,0))/B11)/60 -> 0.16036279 | B12: =(I12*'Optimal Choice'!$B$6+J12*'Optimal Choice'!$B$11+K12*'Optimal Choice'!$B$16+L12*'Optimal Choice'!$B$21+M12*'Optimal Choice'!$B$26)*'Optimal Choice'!$B$30 -> 18.37 | C12: =(O12/$B12)+(O12/'Optimal Choice'!$B$6) -> 5.8848773 | D12: =(P12/$B12)+(P12/'Optimal Choice'!$B$11) -> 7.2061241 | E12: =(Q12/$B12)+(Q12/'Optimal Choice'!$B$16) -> 53.801546 | F12: =(R12/$B12)+(R12/'Optimal Choice'!$B$21) -> 558.59523 | G12: =(S12/$B12)+(S12/'Optimal Choice'!$B$26) -> 6375.0229 | I12: =if(min($C11:$G11)=C11,I11+1,I11) -> 11 | J12: =if(min($C11:$G11)=D11,J11+1,J11) -> 0 | K12: =if(min($C11:$G11)=E11,K11+1,K11) -> 0 | L12: =if(min($C11:$G11)=F11,L11+1,L11) -> 0 | M12: =if(min($C11:$G11)=G11,M11+1,M11) -> 0 | O12: ='Optimal Choice'!$B$7*'Optimal Choice'!$B$8^(I12+1) -> 9.0087664 | P12: ='Optimal Choice'!$B$12*'Optimal Choice'!$B$13^(J12+1) -> 69 | Q12: ='Optimal Choice'!$B$17*'Optimal Choice'!$B$18^(K12+1) -> 820.8 | R12: ='Optimal Choice'!$B$22*'Optimal Choice'!$B$23^(L12+1) -> 9763.2 | S12: ='Optimal Choice'!$B$27*'Optimal Choice'!$B$28^(M12+1) -> 116121.6
A13: =A12+(index(O12:S12,1,match(min(C12:G12),C12:G12,0))/B12)/60 -> 0.16853623 | B13: =(I13*'Optimal Choice'!$B$6+J13*'Optimal Choice'!$B$11+K13*'Optimal Choice'!$B$16+L13*'Optimal Choice'!$B$21+M13*'Optimal Choice'!$B$26)*'Optimal Choice'!$B$30 -> 20.04 | C13: =(O13/$B13)+(O13/'Optimal Choice'!$B$6) -> 6.2530908 | D13: =(P13/$B13)+(P13/'Optimal Choice'!$B$11) -> 6.8931138 | E13: =(Q13/$B13)+(Q13/'Optimal Choice'!$B$16) -> 50.078084 | F13: =(R13/$B13)+(R13/'Optimal Choice'!$B$21) -> 514.30563 | G13: =(S13/$B13)+(S13/'Optimal Choice'!$B$26) -> 5848.251 | I13: =if(min($C12:$G12)=C12,I12+1,I12) -> 12 | J13: =if(min($C12:$G12)=D12,J12+1,J12) -> 0 | K13: =if(min($C12:$G12)=E12,K12+1,K12) -> 0 | L13: =if(min($C12:$G12)=F12,L12+1,L12) -> 0 | M13: =if(min($C12:$G12)=G12,M12+1,M12) -> 0 | O13: ='Optimal Choice'!$B$7*'Optimal Choice'!$B$8^(I13+1) -> 9.63938 | P13: ='Optimal Choice'!$B$12*'Optimal Choice'!$B$13^(J13+1) -> 69 | Q13: ='Optimal Choice'!$B$17*'Optimal Choice'!$B$18^(K13+1) -> 820.8 | R13: ='Optimal Choice'!$B$22*'Optimal Choice'!$B$23^(L13+1) -> 9763.2 | S13: ='Optimal Choice'!$B$27*'Optimal Choice'!$B$28^(M13+1) -> 116121.6
A14: =A13+(index(O13:S13,1,match(min(C13:G13),C13:G13,0))/B13)/60 -> 0.17655301 | B14: =(I14*'Optimal Choice'!$B$6+J14*'Optimal Choice'!$B$11+K14*'Optimal Choice'!$B$16+L14*'Optimal Choice'!$B$21+M14*'Optimal Choice'!$B$26)*'Optimal Choice'!$B$30 -> 21.71 | C14: =(O14/$B14)+(O14/'Optimal Choice'!$B$6) -> 6.6512166 | D14: =(P14/$B14)+(P14/'Optimal Choice'!$B$11) -> 6.6282589 | E14: =(Q14/$B14)+(Q14/'Optimal Choice'!$B$16) -> 46.927462 | F14: =(R14/$B14)+(R14/'Optimal Choice'!$B$21) -> 476.82981 | G14: =(S14/$B14)+(S14/'Optimal Choice'!$B$26) -> 5402.5209 | I14: =if(min($C13:$G13)=C13,I13+1,I13) -> 13 | J14: =if(min($C13:$G13)=D13,J13+1,J13) -> 0 | K14: =if(min($C13:$G13)=E13,K13+1,K13) -> 0 | L14: =if(min($C13:$G13)=F13,L13+1,L13) -> 0 | M14: =if(min($C13:$G13)=G13,M13+1,M13) -> 0 | O14: ='Optimal Choice'!$B$7*'Optimal Choice'!$B$8^(I14+1) -> 10.314137 | P14: ='Optimal Choice'!$B$12*'Optimal Choice'!$B$13^(J14+1) -> 69 | Q14: ='Optimal Choice'!$B$17*'Optimal Choice'!$B$18^(K14+1) -> 820.8 | R14: ='Optimal Choice'!$B$22*'Optimal Choice'!$B$23^(L14+1) -> 9763.2 | S14: ='Optimal Choice'!$B$27*'Optimal Choice'!$B$28^(M14+1) -> 116121.6
... A750: =A749+(index(O749:S749,1,match(min(C749:G749),C749:G749,0))/B749)/60 -> 100602.05 | B750: =(I750*'Optimal Choice'!$B$6+J750*'Optimal Choice'!$B$11+K750*'Optimal Choice'!$B$16+L750*'Optimal Choice'!$B$21+M750*'Optimal Choice'!$B$26)*'Optimal Choice'!$B$30 -> 330017.52 | C750: =(O750/$B750)+(O750/'Optimal Choice'!$B$6) -> 85305412 | D750: =(P750/$B750)+(P750/'Optimal Choice'!$B$11) -> 87696435 | E750: =(Q750/$B750)+(Q750/'Optimal Choice'!$B$16) -> 91077264 | F750: =(R750/$B750)+(R750/'Optimal Choice'!$B$21) -> 81158364 | G750: =(S750/$B750)+(S750/'Optimal Choice'!$B$26) -> 86052474 | I750: =if(min($C749:$G749)=C749,I749+1,I749) -> 256 | J750: =if(min($C749:$G749)=D749,J749+1,J749) -> 122 | K750: =if(min($C749:$G749)=E749,K749+1,K749) -> 123 | L750: =if(min($C749:$G749)=F749,L749+1,L749) -> 122 | M750: =if(min($C749:$G749)=G749,M749+1,M749) -> 126 | O750: ='Optimal Choice'!$B$7*'Optimal Choice'!$B$8^(I750+1) -> 1.4245932e+08 | P750: ='Optimal Choice'!$B$12*'Optimal Choice'!$B$13^(J750+1) -> 1753822405 | Q750: ='Optimal Choice'!$B$17*'Optimal Choice'!$B$18^(K750+1) -> 8194718927 | R750: ='Optimal Choice'!$B$22*'Optimal Choice'!$B$23^(L750+1) -> 29185174272 | S750: ='Optimal Choice'!$B$27*'Optimal Choice'!$B$28^(M750+1) -> 184664692692
