Workbook

Sheet Optimal Choice
A1: This is the most complex model of these sheets. It's nearly identical to 1d in that it models 5 generators with exponential costs over time, making the optimal decision at each step. The difference is that instead of having global multiplier rewards for hitting certain numbers of a generator, the multipliers can be adjusted per-generator. This gives you tremendous control over the relative power of the generators over time, even with modest multipliers (2x - 5x). The Total Income charts let you get a sense of how much your income scales over time. The Counts of Generators chart is useful because it can help you identify good multiplication points. You could of course have varied targets for bonuses as well, but I'll leave that simulation as an exercise for the reader. Total Income for each Generator Type is basically the measure of relative "power" - i.e. contribution to the total income. Finally, the Time Between Purchases gives you a sense of how much the game is slowing down. Players will start to use offline gains to jump over some of this, but offline gains will be less efficient since they won't be buying upgrades right when they are available. Note: Google Sheets is good at a lot of things, but iterative simulations is not one of them. It is very slow to update, so if you want to play around I recommend downloading the .xls version instead which is much, much snappier.
A3: Generator 1
A4: Base Income | B4: 1.67
A5: Starting Cost | B5: 4
A6: Cost Mult Factor | B6: 1.07
A8: Generator 2
A9: Base Income | B9: 20
A10: Starting Cost | B10: 60
A11: Cost Mult Factor | B11: 1.15
A13: Generator 3
A14: Base Income | B14: 90
A15: Starting Cost | B15: 720
A16: Cost Mult Factor | B16: 1.14
A18: Generator 4
A19: Base Income | B19: 360
A20: Starting Cost | B20: 8640
A21: Cost Mult Factor | B21: 1.13
A23: Generator 5
A24: Base Income | B24: 2160
A25: Starting Cost | B25: 103680
A26: Cost Mult Factor | B26: 1.12
A28: Global Multiplier | B28: 1
A30: Individual Ownership Multipliers
A31: Number | B31: G1 | C31: G2 | D31: G3 | E31: G4 | F31: G5
A32: 25 | B32: 3 | C32: 5 | D32: 4 | E32: 2 | F32: 1.5
A33: 50 | B33: 2 | C33: 10 | D33: 8 | E33: 2 | F33: 2
A34: 100 | B34: 10 | C34: 3 | D34: 4 | E34: 3 | F34: 2
A35: 200 | B35: 3 | C35: 2 | D35: 2 | E35: 2 | F35: 2
A36: 300 | B36: 2 | C36: 2 | D36: 2 | E36: 2 | F36: 2
A37: 400 | B37: 2 | C37: 2 | D37: 2 | E37: 2 | F37: 2
A38: 500 | B38: 2 | C38: 2 | D38: 2 | E38: 2 | F38: 2
A39: 600 | B39: 2 | C39: 2 | D39: 2 | E39: 2 | F39: 2
A40: 1000 | B40: 2 | C40: 2 | D40: 2 | E40: 2 | F40: 2

Sheet Calc for Optimal Choice
A1: Minutes | B1: Income / Sec | D1: Indiv Multipliers | E1: Gen 1 | F1: Gen 2 | G1: Gen 3 | H1: Gen 4 | I1: Gen 5 | K1: Item 1 Score | L1: Item 2 Score | M1: Item 3 Score | N1: Item 4 Score | O1: Item 5 Score | Q1: Counts | R1: Gen 1 | S1: Gen 2 | T1: Gen 3 | U1: Gen 4 | V1: Gen 5 | X1: Item 1 Cost | Y1: Item 2 Cost | Z1: Item 3 Cost | AA1: Item 4 Cost | AB1: Item 5 Cost | AD1: Bonuses | AE1: Gen 1 | AF1: Gen 2 | AG1: Gen 3 | AH1: Gen 4 | AI1: Gen 5 | AK1: Total Production | AL1: Gen 1 | AM1: Gen 2 | AN1: Gen 3 | AO1: Gen 4 | AP1: Gen 5 | AR1: N+1 bonus | AS1: Gen 1 | AT1: Gen 2 | AU1: Gen 3 | AV1: Gen 4 | AW1: Gen 5 | AY1: Time Delta
A2: 0 | B2: =(sum(AL2:AP2))*'Optimal Choice'!$B$28 -> 1.67 | D2: ='Optimal Choice'!A32 -> 25 | E2: ='Optimal Choice'!B32 -> 3 | F2: ='Optimal Choice'!C32 -> 5 | G2: ='Optimal Choice'!D32 -> 4 | H2: ='Optimal Choice'!E32 -> 2 | I2: ='Optimal Choice'!F32 -> 1.5 | K2: =(X2/$B2)+(X2/('Optimal Choice'!$B$4*AS2)) -> 5.4845509 | L2: =(Y2/$B2)+(Y2/('Optimal Choice'!$B$9*AT2)) -> 44.767365 | M2: =(Z2/$B2)+(Z2/('Optimal Choice'!$B$14*AU2)) -> 500.61701 | N2: =(AA2/$B2)+(AA2/('Optimal Choice'!$B$19*AV2)) -> 5873.3475 | O2: =(AB2/$B2)+(AB2/('Optimal Choice'!$B$24*AW2)) -> 69587.652 | R2: 1 | S2: 0 | T2: 0 | U2: 0 | V2: 0 | X2: ='Optimal Choice'!$B$5*'Optimal Choice'!$B$6^(R2+1) -> 4.5796 | Y2: ='Optimal Choice'!$B$10*'Optimal Choice'!$B$11^(S2+1) -> 69 | Z2: ='Optimal Choice'!$B$15*'Optimal Choice'!$B$16^(T2+1) -> 820.8 | AA2: ='Optimal Choice'!$B$20*'Optimal Choice'!$B$21^(U2+1) -> 9763.2 | AB2: ='Optimal Choice'!$B$25*'Optimal Choice'!$B$26^(V2+1) -> 116121.6 | AE2: 1 | AF2: 1 | AG2: 1 | AH2: 1 | AI2: 1 | AL2: =R2*'Optimal Choice'!$B$4*AE2 -> 1.67 | AM2: =S2*'Optimal Choice'!$B$9*AF2 -> 0 | AN2: =T2*'Optimal Choice'!$B$14*AG2 -> 0 | AO2: =U2*'Optimal Choice'!$B$19*AH2 -> 0 | AP2: =V2*'Optimal Choice'!$B$24*AI2 -> 0 | AS2: 1 | AT2: 1 | AU2: 1 | AV2: 1 | AW2: 1 | AY2: 0
A3: =A2+(index(X2:AB2,1,match(min(K2:O2),K2:O2,0))/B2)/60 -> 0.045704591 | B3: =(sum(AL3:AP3))*'Optimal Choice'!$B$28 -> 3.34 | D3: ='Optimal Choice'!A33 -> 50 | E3: =E2*'Optimal Choice'!B33 -> 6 | F3: =F2*'Optimal Choice'!C33 -> 50 | G3: =G2*'Optimal Choice'!D33 -> 32 | H3: =H2*'Optimal Choice'!E33 -> 4 | I3: =I2*'Optimal Choice'!F33 -> 3 | K3: =(X3/$B3)+(X3/('Optimal Choice'!$B$4*AS3)) -> 4.4013521 | L3: =(Y3/$B3)+(Y3/('Optimal Choice'!$B$9*AT3)) -> 24.108683 | M3: =(Z3/$B3)+(Z3/('Optimal Choice'!$B$14*AU3)) -> 254.8685 | N3: =(AA3/$B3)+(AA3/('Optimal Choice'!$B$19*AV3)) -> 2950.2338 | O3: =(AB3/$B3)+(AB3/('Optimal Choice'!$B$24*AW3)) -> 34820.706 | R3: =if(min($K2:$O2)=K2,R2+1,R2) -> 2 | S3: =if(min($K2:$O2)=L2,S2+1,S2) -> 0 | T3: =if(min($K2:$O2)=M2,T2+1,T2) -> 0 | U3: =if(min($K2:$O2)=N2,U2+1,U2) -> 0 | V3: =if(min($K2:$O2)=O2,V2+1,V2) -> 0 | X3: ='Optimal Choice'!$B$5*'Optimal Choice'!$B$6^(R3+1) -> 4.900172 | Y3: ='Optimal Choice'!$B$10*'Optimal Choice'!$B$11^(S3+1) -> 69 | Z3: ='Optimal Choice'!$B$15*'Optimal Choice'!$B$16^(T3+1) -> 820.8 | AA3: ='Optimal Choice'!$B$20*'Optimal Choice'!$B$21^(U3+1) -> 9763.2 | AB3: ='Optimal Choice'!$B$25*'Optimal Choice'!$B$26^(V3+1) -> 116121.6 | AE3: =if(isna(VLOOKUP(R3,$D$2:$I$10,2,false)),AE2, VLOOKUP(R3,$D$2:$I$10,2,false)) -> 1 | AF3: =if(isna(VLOOKUP(S3,$D$2:$I$10,3,false)),AF2, VLOOKUP(S3,$D$2:$I$10,3,false)) -> 1 | AG3: =if(isna(VLOOKUP(T3,$D$2:$I$10,4,false)),AG2, VLOOKUP(T3,$D$2:$I$10,4,false)) -> 1 | AH3: =if(isna(VLOOKUP(U3,$D$2:$I$10,5,false)),AH2, VLOOKUP(U3,$D$2:$I$10,5,false)) -> 1 | AI3: =if(isna(VLOOKUP(V3,$D$2:$I$10,6,false)),AI2, VLOOKUP(V3,$D$2:$I$10,6,false)) -> 1 | AL3: =R3*'Optimal Choice'!$B$4*AE3 -> 3.34 | AM3: =S3*'Optimal Choice'!$B$9*AF3 -> 0 | AN3: =T3*'Optimal Choice'!$B$14*AG3 -> 0 | AO3: =U3*'Optimal Choice'!$B$19*AH3 -> 0 | AP3: =V3*'Optimal Choice'!$B$24*AI3 -> 0 | AS3: =if(isna(VLOOKUP(R3+1,$D$2:$I$10,2,false)),AS2, VLOOKUP(R3+1,$D$2:$I$10,2,false)) -> 1 | AT3: =if(isna(VLOOKUP(S3+1,$D$2:$I$10,3,false)),AT2, VLOOKUP(S3+1,$D$2:$I$10,3,false)) -> 1 | AU3: =if(isna(VLOOKUP(T3+1,$D$2:$I$10,4,false)),AU2, VLOOKUP(T3+1,$D$2:$I$10,4,false)) -> 1 | AV3: =if(isna(VLOOKUP(U3+1,$D$2:$I$10,5,false)),AV2, VLOOKUP(U3+1,$D$2:$I$10,5,false)) -> 1 | AW3: =if(isna(VLOOKUP(V3+1,$D$2:$I$10,6,false)),AW2, VLOOKUP(V3+1,$D$2:$I$10,6,false)) -> 1 | AY3: =A3-A2 -> 0.045704591
A4: =A3+(index(X3:AB3,1,match(min(K3:O3),K3:O3,0))/B3)/60 -> 0.070156547 | B4: =(sum(AL4:AP4))*'Optimal Choice'!$B$28 -> 5.01 | D4: ='Optimal Choice'!A34 -> 100 | E4: =E3*'Optimal Choice'!B34 -> 60 | F4: =F3*'Optimal Choice'!C34 -> 150 | G4: =G3*'Optimal Choice'!D34 -> 128 | H4: =H3*'Optimal Choice'!E34 -> 12 | I4: =I3*'Optimal Choice'!F34 -> 6 | K4: =(X4/$B4)+(X4/('Optimal Choice'!$B$4*AS4)) -> 4.1861749 | L4: =(Y4/$B4)+(Y4/('Optimal Choice'!$B$9*AT4)) -> 17.222455 | M4: =(Z4/$B4)+(Z4/('Optimal Choice'!$B$14*AU4)) -> 172.95234 | N4: =(AA4/$B4)+(AA4/('Optimal Choice'!$B$19*AV4)) -> 1975.8625 | O4: =(AB4/$B4)+(AB4/('Optimal Choice'!$B$24*AW4)) -> 23231.724 | R4: =if(min($K3:$O3)=K3,R3+1,R3) -> 3 | S4: =if(min($K3:$O3)=L3,S3+1,S3) -> 0 | T4: =if(min($K3:$O3)=M3,T3+1,T3) -> 0 | U4: =if(min($K3:$O3)=N3,U3+1,U3) -> 0 | V4: =if(min($K3:$O3)=O3,V3+1,V3) -> 0 | X4: ='Optimal Choice'!$B$5*'Optimal Choice'!$B$6^(R4+1) -> 5.243184 | Y4: ='Optimal Choice'!$B$10*'Optimal Choice'!$B$11^(S4+1) -> 69 | Z4: ='Optimal Choice'!$B$15*'Optimal Choice'!$B$16^(T4+1) -> 820.8 | AA4: ='Optimal Choice'!$B$20*'Optimal Choice'!$B$21^(U4+1) -> 9763.2 | AB4: ='Optimal Choice'!$B$25*'Optimal Choice'!$B$26^(V4+1) -> 116121.6 | AE4: =if(isna(VLOOKUP(R4,$D$2:$I$10,2,false)),AE3, VLOOKUP(R4,$D$2:$I$10,2,false)) -> 1 | AF4: =if(isna(VLOOKUP(S4,$D$2:$I$10,3,false)),AF3, VLOOKUP(S4,$D$2:$I$10,3,false)) -> 1 | AG4: =if(isna(VLOOKUP(T4,$D$2:$I$10,4,false)),AG3, VLOOKUP(T4,$D$2:$I$10,4,false)) -> 1 | AH4: =if(isna(VLOOKUP(U4,$D$2:$I$10,5,false)),AH3, VLOOKUP(U4,$D$2:$I$10,5,false)) -> 1 | AI4: =if(isna(VLOOKUP(V4,$D$2:$I$10,6,false)),AI3, VLOOKUP(V4,$D$2:$I$10,6,false)) -> 1 | AL4: =R4*'Optimal Choice'!$B$4*AE4 -> 5.01 | AM4: =S4*'Optimal Choice'!$B$9*AF4 -> 0 | AN4: =T4*'Optimal Choice'!$B$14*AG4 -> 0 | AO4: =U4*'Optimal Choice'!$B$19*AH4 -> 0 | AP4: =V4*'Optimal Choice'!$B$24*AI4 -> 0 | AS4: =if(isna(VLOOKUP(R4+1,$D$2:$I$10,2,false)),AS3, VLOOKUP(R4+1,$D$2:$I$10,2,false)) -> 1 | AT4: =if(isna(VLOOKUP(S4+1,$D$2:$I$10,3,false)),AT3, VLOOKUP(S4+1,$D$2:$I$10,3,false)) -> 1 | AU4: =if(isna(VLOOKUP(T4+1,$D$2:$I$10,4,false)),AU3, VLOOKUP(T4+1,$D$2:$I$10,4,false)) -> 1 | AV4: =if(isna(VLOOKUP(U4+1,$D$2:$I$10,5,false)),AV3, VLOOKUP(U4+1,$D$2:$I$10,5,false)) -> 1 | AW4: =if(isna(VLOOKUP(V4+1,$D$2:$I$10,6,false)),AW3, VLOOKUP(V4+1,$D$2:$I$10,6,false)) -> 1 | AY4: =A4-A3 -> 0.024451956
A5: =A4+(index(X4:AB4,1,match(min(K4:O4),K4:O4,0))/B4)/60 -> 0.087598942 | B5: =(sum(AL5:AP5))*'Optimal Choice'!$B$28 -> 6.68 | D5: ='Optimal Choice'!A35 -> 200 | E5: =E4*'Optimal Choice'!B35 -> 180 | F5: =F4*'Optimal Choice'!C35 -> 300 | G5: =G4*'Optimal Choice'!D35 -> 256 | H5: =H4*'Optimal Choice'!E35 -> 24 | I5: =I4*'Optimal Choice'!F35 -> 12 | K5: =(X5/$B5)+(X5/('Optimal Choice'!$B$4*AS5)) -> 4.1992567 | L5: =(Y5/$B5)+(Y5/('Optimal Choice'!$B$9*AT5)) -> 13.779341 | M5: =(Z5/$B5)+(Z5/('Optimal Choice'!$B$14*AU5)) -> 131.99425 | N5: =(AA5/$B5)+(AA5/('Optimal Choice'!$B$19*AV5)) -> 1488.6769 | O5: =(AB5/$B5)+(AB5/('Optimal Choice'!$B$24*AW5)) -> 17437.233 | R5: =if(min($K4:$O4)=K4,R4+1,R4) -> 4 | S5: =if(min($K4:$O4)=L4,S4+1,S4) -> 0 | T5: =if(min($K4:$O4)=M4,T4+1,T4) -> 0 | U5: =if(min($K4:$O4)=N4,U4+1,U4) -> 0 | V5: =if(min($K4:$O4)=O4,V4+1,V4) -> 0 | X5: ='Optimal Choice'!$B$5*'Optimal Choice'!$B$6^(R5+1) -> 5.6102069 | Y5: ='Optimal Choice'!$B$10*'Optimal Choice'!$B$11^(S5+1) -> 69 | Z5: ='Optimal Choice'!$B$15*'Optimal Choice'!$B$16^(T5+1) -> 820.8 | AA5: ='Optimal Choice'!$B$20*'Optimal Choice'!$B$21^(U5+1) -> 9763.2 | AB5: ='Optimal Choice'!$B$25*'Optimal Choice'!$B$26^(V5+1) -> 116121.6 | AE5: =if(isna(VLOOKUP(R5,$D$2:$I$10,2,false)),AE4, VLOOKUP(R5,$D$2:$I$10,2,false)) -> 1 | AF5: =if(isna(VLOOKUP(S5,$D$2:$I$10,3,false)),AF4, VLOOKUP(S5,$D$2:$I$10,3,false)) -> 1 | AG5: =if(isna(VLOOKUP(T5,$D$2:$I$10,4,false)),AG4, VLOOKUP(T5,$D$2:$I$10,4,false)) -> 1 | AH5: =if(isna(VLOOKUP(U5,$D$2:$I$10,5,false)),AH4, VLOOKUP(U5,$D$2:$I$10,5,false)) -> 1 | AI5: =if(isna(VLOOKUP(V5,$D$2:$I$10,6,false)),AI4, VLOOKUP(V5,$D$2:$I$10,6,false)) -> 1 | AL5: =R5*'Optimal Choice'!$B$4*AE5 -> 6.68 | AM5: =S5*'Optimal Choice'!$B$9*AF5 -> 0 | AN5: =T5*'Optimal Choice'!$B$14*AG5 -> 0 | AO5: =U5*'Optimal Choice'!$B$19*AH5 -> 0 | AP5: =V5*'Optimal Choice'!$B$24*AI5 -> 0 | AS5: =if(isna(VLOOKUP(R5+1,$D$2:$I$10,2,false)),AS4, VLOOKUP(R5+1,$D$2:$I$10,2,false)) -> 1 | AT5: =if(isna(VLOOKUP(S5+1,$D$2:$I$10,3,false)),AT4, VLOOKUP(S5+1,$D$2:$I$10,3,false)) -> 1 | AU5: =if(isna(VLOOKUP(T5+1,$D$2:$I$10,4,false)),AU4, VLOOKUP(T5+1,$D$2:$I$10,4,false)) -> 1 | AV5: =if(isna(VLOOKUP(U5+1,$D$2:$I$10,5,false)),AV4, VLOOKUP(U5+1,$D$2:$I$10,5,false)) -> 1 | AW5: =if(isna(VLOOKUP(V5+1,$D$2:$I$10,6,false)),AW4, VLOOKUP(V5+1,$D$2:$I$10,6,false)) -> 1 | AY5: =A5-A4 -> 0.017442395
A6: =A5+(index(X5:AB5,1,match(min(K5:O5),K5:O5,0))/B5)/60 -> 0.10159646 | B6: =(sum(AL6:AP6))*'Optimal Choice'!$B$28 -> 8.35 | D6: ='Optimal Choice'!A36 -> 300 | E6: =E5*'Optimal Choice'!B36 -> 360 | F6: =F5*'Optimal Choice'!C36 -> 600 | G6: =G5*'Optimal Choice'!D36 -> 512 | H6: =H5*'Optimal Choice'!E36 -> 48 | I6: =I5*'Optimal Choice'!F36 -> 24 | K6: =(X6/$B6)+(X6/('Optimal Choice'!$B$4*AS6)) -> 4.3134765 | L6: =(Y6/$B6)+(Y6/('Optimal Choice'!$B$9*AT6)) -> 11.713473 | M6: =(Z6/$B6)+(Z6/('Optimal Choice'!$B$14*AU6)) -> 107.4194 | N6: =(AA6/$B6)+(AA6/('Optimal Choice'!$B$19*AV6)) -> 1196.3655 | O6: =(AB6/$B6)+(AB6/('Optimal Choice'!$B$24*AW6)) -> 13960.538 | R6: =if(min($K5:$O5)=K5,R5+1,R5) -> 5 | S6: =if(min($K5:$O5)=L5,S5+1,S5) -> 0 | T6: =if(min($K5:$O5)=M5,T5+1,T5) -> 0 | U6: =if(min($K5:$O5)=N5,U5+1,U5) -> 0 | V6: =if(min($K5:$O5)=O5,V5+1,V5) -> 0 | X6: ='Optimal Choice'!$B$5*'Optimal Choice'!$B$6^(R6+1) -> 6.0029214 | Y6: ='Optimal Choice'!$B$10*'Optimal Choice'!$B$11^(S6+1) -> 69 | Z6: ='Optimal Choice'!$B$15*'Optimal Choice'!$B$16^(T6+1) -> 820.8 | AA6: ='Optimal Choice'!$B$20*'Optimal Choice'!$B$21^(U6+1) -> 9763.2 | AB6: ='Optimal Choice'!$B$25*'Optimal Choice'!$B$26^(V6+1) -> 116121.6 | AE6: =if(isna(VLOOKUP(R6,$D$2:$I$10,2,false)),AE5, VLOOKUP(R6,$D$2:$I$10,2,false)) -> 1 | AF6: =if(isna(VLOOKUP(S6,$D$2:$I$10,3,false)),AF5, VLOOKUP(S6,$D$2:$I$10,3,false)) -> 1 | AG6: =if(isna(VLOOKUP(T6,$D$2:$I$10,4,false)),AG5, VLOOKUP(T6,$D$2:$I$10,4,false)) -> 1 | AH6: =if(isna(VLOOKUP(U6,$D$2:$I$10,5,false)),AH5, VLOOKUP(U6,$D$2:$I$10,5,false)) -> 1 | AI6: =if(isna(VLOOKUP(V6,$D$2:$I$10,6,false)),AI5, VLOOKUP(V6,$D$2:$I$10,6,false)) -> 1 | AL6: =R6*'Optimal Choice'!$B$4*AE6 -> 8.35 | AM6: =S6*'Optimal Choice'!$B$9*AF6 -> 0 | AN6: =T6*'Optimal Choice'!$B$14*AG6 -> 0 | AO6: =U6*'Optimal Choice'!$B$19*AH6 -> 0 | AP6: =V6*'Optimal Choice'!$B$24*AI6 -> 0 | AS6: =if(isna(VLOOKUP(R6+1,$D$2:$I$10,2,false)),AS5, VLOOKUP(R6+1,$D$2:$I$10,2,false)) -> 1 | AT6: =if(isna(VLOOKUP(S6+1,$D$2:$I$10,3,false)),AT5, VLOOKUP(S6+1,$D$2:$I$10,3,false)) -> 1 | AU6: =if(isna(VLOOKUP(T6+1,$D$2:$I$10,4,false)),AU5, VLOOKUP(T6+1,$D$2:$I$10,4,false)) -> 1 | AV6: =if(isna(VLOOKUP(U6+1,$D$2:$I$10,5,false)),AV5, VLOOKUP(U6+1,$D$2:$I$10,5,false)) -> 1 | AW6: =if(isna(VLOOKUP(V6+1,$D$2:$I$10,6,false)),AW5, VLOOKUP(V6+1,$D$2:$I$10,6,false)) -> 1 | AY6: =A6-A5 -> 0.013997522
A7: =A6+(index(X6:AB6,1,match(min(K6:O6),K6:O6,0))/B6)/60 -> 0.11357834 | B7: =(sum(AL7:AP7))*'Optimal Choice'!$B$28 -> 10.02 | D7: ='Optimal Choice'!A37 -> 400 | E7: =E6*'Optimal Choice'!B37 -> 720 | F7: =F6*'Optimal Choice'!C37 -> 1200 | G7: =G6*'Optimal Choice'!D37 -> 1024 | H7: =H6*'Optimal Choice'!E37 -> 96 | I7: =I6*'Optimal Choice'!F37 -> 48 | K7: =(X7/$B7)+(X7/('Optimal Choice'!$B$4*AS7)) -> 4.4872137 | L7: =(Y7/$B7)+(Y7/('Optimal Choice'!$B$9*AT7)) -> 10.336228 | M7: =(Z7/$B7)+(Z7/('Optimal Choice'!$B$14*AU7)) -> 91.036168 | N7: =(AA7/$B7)+(AA7/('Optimal Choice'!$B$19*AV7)) -> 1001.4913 | O7: =(AB7/$B7)+(AB7/('Optimal Choice'!$B$24*AW7)) -> 11642.742 | R7: =if(min($K6:$O6)=K6,R6+1,R6) -> 6 | S7: =if(min($K6:$O6)=L6,S6+1,S6) -> 0 | T7: =if(min($K6:$O6)=M6,T6+1,T6) -> 0 | U7: =if(min($K6:$O6)=N6,U6+1,U6) -> 0 | V7: =if(min($K6:$O6)=O6,V6+1,V6) -> 0 | X7: ='Optimal Choice'!$B$5*'Optimal Choice'!$B$6^(R7+1) -> 6.4231259 | Y7: ='Optimal Choice'!$B$10*'Optimal Choice'!$B$11^(S7+1) -> 69 | Z7: ='Optimal Choice'!$B$15*'Optimal Choice'!$B$16^(T7+1) -> 820.8 | AA7: ='Optimal Choice'!$B$20*'Optimal Choice'!$B$21^(U7+1) -> 9763.2 | AB7: ='Optimal Choice'!$B$25*'Optimal Choice'!$B$26^(V7+1) -> 116121.6 | AE7: =if(isna(VLOOKUP(R7,$D$2:$I$10,2,false)),AE6, VLOOKUP(R7,$D$2:$I$10,2,false)) -> 1 | AF7: =if(isna(VLOOKUP(S7,$D$2:$I$10,3,false)),AF6, VLOOKUP(S7,$D$2:$I$10,3,false)) -> 1 | AG7: =if(isna(VLOOKUP(T7,$D$2:$I$10,4,false)),AG6, VLOOKUP(T7,$D$2:$I$10,4,false)) -> 1 | AH7: =if(isna(VLOOKUP(U7,$D$2:$I$10,5,false)),AH6, VLOOKUP(U7,$D$2:$I$10,5,false)) -> 1 | AI7: =if(isna(VLOOKUP(V7,$D$2:$I$10,6,false)),AI6, VLOOKUP(V7,$D$2:$I$10,6,false)) -> 1 | AL7: =R7*'Optimal Choice'!$B$4*AE7 -> 10.02 | AM7: =S7*'Optimal Choice'!$B$9*AF7 -> 0 | AN7: =T7*'Optimal Choice'!$B$14*AG7 -> 0 | AO7: =U7*'Optimal Choice'!$B$19*AH7 -> 0 | AP7: =V7*'Optimal Choice'!$B$24*AI7 -> 0 | AS7: =if(isna(VLOOKUP(R7+1,$D$2:$I$10,2,false)),AS6, VLOOKUP(R7+1,$D$2:$I$10,2,false)) -> 1 | AT7: =if(isna(VLOOKUP(S7+1,$D$2:$I$10,3,false)),AT6, VLOOKUP(S7+1,$D$2:$I$10,3,false)) -> 1 | AU7: =if(isna(VLOOKUP(T7+1,$D$2:$I$10,4,false)),AU6, VLOOKUP(T7+1,$D$2:$I$10,4,false)) -> 1 | AV7: =if(isna(VLOOKUP(U7+1,$D$2:$I$10,5,false)),AV6, VLOOKUP(U7+1,$D$2:$I$10,5,false)) -> 1 | AW7: =if(isna(VLOOKUP(V7+1,$D$2:$I$10,6,false)),AW6, VLOOKUP(V7+1,$D$2:$I$10,6,false)) -> 1 | AY7: =A7-A6 -> 0.011981879
A8: =A7+(index(X7:AB7,1,match(min(K7:O7),K7:O7,0))/B7)/60 -> 0.12426219 | B8: =(sum(AL8:AP8))*'Optimal Choice'!$B$28 -> 11.69 | D8: ='Optimal Choice'!A38 -> 500 | E8: =E7*'Optimal Choice'!B38 -> 1440 | F8: =F7*'Optimal Choice'!C38 -> 2400 | G8: =G7*'Optimal Choice'!D38 -> 2048 | H8: =H7*'Optimal Choice'!E38 -> 192 | I8: =I7*'Optimal Choice'!F38 -> 96 | K8: =(X8/$B8)+(X8/('Optimal Choice'!$B$4*AS8)) -> 4.7033326 | L8: =(Y8/$B8)+(Y8/('Optimal Choice'!$B$9*AT8)) -> 9.3524808 | M8: =(Z8/$B8)+(Z8/('Optimal Choice'!$B$14*AU8)) -> 79.333858 | N8: =(AA8/$B8)+(AA8/('Optimal Choice'!$B$19*AV8)) -> 862.29536 | O8: =(AB8/$B8)+(AB8/('Optimal Choice'!$B$24*AW8)) -> 9987.1732 | R8: =if(min($K7:$O7)=K7,R7+1,R7) -> 7 | S8: =if(min($K7:$O7)=L7,S7+1,S7) -> 0 | T8: =if(min($K7:$O7)=M7,T7+1,T7) -> 0 | U8: =if(min($K7:$O7)=N7,U7+1,U7) -> 0 | V8: =if(min($K7:$O7)=O7,V7+1,V7) -> 0 | X8: ='Optimal Choice'!$B$5*'Optimal Choice'!$B$6^(R8+1) -> 6.8727447 | Y8: ='Optimal Choice'!$B$10*'Optimal Choice'!$B$11^(S8+1) -> 69 | Z8: ='Optimal Choice'!$B$15*'Optimal Choice'!$B$16^(T8+1) -> 820.8 | AA8: ='Optimal Choice'!$B$20*'Optimal Choice'!$B$21^(U8+1) -> 9763.2 | AB8: ='Optimal Choice'!$B$25*'Optimal Choice'!$B$26^(V8+1) -> 116121.6 | AE8: =if(isna(VLOOKUP(R8,$D$2:$I$10,2,false)),AE7, VLOOKUP(R8,$D$2:$I$10,2,false)) -> 1 | AF8: =if(isna(VLOOKUP(S8,$D$2:$I$10,3,false)),AF7, VLOOKUP(S8,$D$2:$I$10,3,false)) -> 1 | AG8: =if(isna(VLOOKUP(T8,$D$2:$I$10,4,false)),AG7, VLOOKUP(T8,$D$2:$I$10,4,false)) -> 1 | AH8: =if(isna(VLOOKUP(U8,$D$2:$I$10,5,false)),AH7, VLOOKUP(U8,$D$2:$I$10,5,false)) -> 1 | AI8: =if(isna(VLOOKUP(V8,$D$2:$I$10,6,false)),AI7, VLOOKUP(V8,$D$2:$I$10,6,false)) -> 1 | AL8: =R8*'Optimal Choice'!$B$4*AE8 -> 11.69 | AM8: =S8*'Optimal Choice'!$B$9*AF8 -> 0 | AN8: =T8*'Optimal Choice'!$B$14*AG8 -> 0 | AO8: =U8*'Optimal Choice'!$B$19*AH8 -> 0 | AP8: =V8*'Optimal Choice'!$B$24*AI8 -> 0 | AS8: =if(isna(VLOOKUP(R8+1,$D$2:$I$10,2,false)),AS7, VLOOKUP(R8+1,$D$2:$I$10,2,false)) -> 1 | AT8: =if(isna(VLOOKUP(S8+1,$D$2:$I$10,3,false)),AT7, VLOOKUP(S8+1,$D$2:$I$10,3,false)) -> 1 | AU8: =if(isna(VLOOKUP(T8+1,$D$2:$I$10,4,false)),AU7, VLOOKUP(T8+1,$D$2:$I$10,4,false)) -> 1 | AV8: =if(isna(VLOOKUP(U8+1,$D$2:$I$10,5,false)),AV7, VLOOKUP(U8+1,$D$2:$I$10,5,false)) -> 1 | AW8: =if(isna(VLOOKUP(V8+1,$D$2:$I$10,6,false)),AW7, VLOOKUP(V8+1,$D$2:$I$10,6,false)) -> 1 | AY8: =A8-A7 -> 0.010683842
A9: =A8+(index(X8:AB8,1,match(min(K8:O8),K8:O8,0))/B8)/60 -> 0.1340608 | B9: =(sum(AL9:AP9))*'Optimal Choice'!$B$28 -> 13.36 | D9: ='Optimal Choice'!A39 -> 600 | E9: =E8*'Optimal Choice'!B39 -> 2880 | F9: =F8*'Optimal Choice'!C39 -> 4800 | G9: =G8*'Optimal Choice'!D39 -> 4096 | H9: =H8*'Optimal Choice'!E39 -> 384 | I9: =I8*'Optimal Choice'!F39 -> 192 | K9: =(X9/$B9)+(X9/('Optimal Choice'!$B$4*AS9)) -> 4.953932 | L9: =(Y9/$B9)+(Y9/('Optimal Choice'!$B$9*AT9)) -> 8.6146707 | M9: =(Z9/$B9)+(Z9/('Optimal Choice'!$B$14*AU9)) -> 70.557126 | N9: =(AA9/$B9)+(AA9/('Optimal Choice'!$B$19*AV9)) -> 757.89844 | O9: =(AB9/$B9)+(AB9/('Optimal Choice'!$B$24*AW9)) -> 8745.4965 | R9: =if(min($K8:$O8)=K8,R8+1,R8) -> 8 | S9: =if(min($K8:$O8)=L8,S8+1,S8) -> 0 | T9: =if(min($K8:$O8)=M8,T8+1,T8) -> 0 | U9: =if(min($K8:$O8)=N8,U8+1,U8) -> 0 | V9: =if(min($K8:$O8)=O8,V8+1,V8) -> 0 | X9: ='Optimal Choice'!$B$5*'Optimal Choice'!$B$6^(R9+1) -> 7.3538369 | Y9: ='Optimal Choice'!$B$10*'Optimal Choice'!$B$11^(S9+1) -> 69 | Z9: ='Optimal Choice'!$B$15*'Optimal Choice'!$B$16^(T9+1) -> 820.8 | AA9: ='Optimal Choice'!$B$20*'Optimal Choice'!$B$21^(U9+1) -> 9763.2 | AB9: ='Optimal Choice'!$B$25*'Optimal Choice'!$B$26^(V9+1) -> 116121.6 | AE9: =if(isna(VLOOKUP(R9,$D$2:$I$10,2,false)),AE8, VLOOKUP(R9,$D$2:$I$10,2,false)) -> 1 | AF9: =if(isna(VLOOKUP(S9,$D$2:$I$10,3,false)),AF8, VLOOKUP(S9,$D$2:$I$10,3,false)) -> 1 | AG9: =if(isna(VLOOKUP(T9,$D$2:$I$10,4,false)),AG8, VLOOKUP(T9,$D$2:$I$10,4,false)) -> 1 | AH9: =if(isna(VLOOKUP(U9,$D$2:$I$10,5,false)),AH8, VLOOKUP(U9,$D$2:$I$10,5,false)) -> 1 | AI9: =if(isna(VLOOKUP(V9,$D$2:$I$10,6,false)),AI8, VLOOKUP(V9,$D$2:$I$10,6,false)) -> 1 | AL9: =R9*'Optimal Choice'!$B$4*AE9 -> 13.36 | AM9: =S9*'Optimal Choice'!$B$9*AF9 -> 0 | AN9: =T9*'Optimal Choice'!$B$14*AG9 -> 0 | AO9: =U9*'Optimal Choice'!$B$19*AH9 -> 0 | AP9: =V9*'Optimal Choice'!$B$24*AI9 -> 0 | AS9: =if(isna(VLOOKUP(R9+1,$D$2:$I$10,2,false)),AS8, VLOOKUP(R9+1,$D$2:$I$10,2,false)) -> 1 | AT9: =if(isna(VLOOKUP(S9+1,$D$2:$I$10,3,false)),AT8, VLOOKUP(S9+1,$D$2:$I$10,3,false)) -> 1 | AU9: =if(isna(VLOOKUP(T9+1,$D$2:$I$10,4,false)),AU8, VLOOKUP(T9+1,$D$2:$I$10,4,false)) -> 1 | AV9: =if(isna(VLOOKUP(U9+1,$D$2:$I$10,5,false)),AV8, VLOOKUP(U9+1,$D$2:$I$10,5,false)) -> 1 | AW9: =if(isna(VLOOKUP(V9+1,$D$2:$I$10,6,false)),AW8, VLOOKUP(V9+1,$D$2:$I$10,6,false)) -> 1 | AY9: =A9-A8 -> 0.0097986095
A10: =A9+(index(X9:AB9,1,match(min(K9:O9),K9:O9,0))/B9)/60 -> 0.14323474 | B10: =(sum(AL10:AP10))*'Optimal Choice'!$B$28 -> 15.03 | D10: ='Optimal Choice'!A40 -> 1000 | E10: =E9*'Optimal Choice'!B40 -> 5760 | F10: =F9*'Optimal Choice'!C40 -> 9600 | G10: =G9*'Optimal Choice'!D40 -> 8192 | H10: =H9*'Optimal Choice'!E40 -> 768 | I10: =I9*'Optimal Choice'!F40 -> 384 | K10: =(X10/$B10)+(X10/('Optimal Choice'!$B$4*AS10)) -> 5.2352664 | L10: =(Y10/$B10)+(Y10/('Optimal Choice'!$B$9*AT10)) -> 8.0408184 | M10: =(Z10/$B10)+(Z10/('Optimal Choice'!$B$14*AU10)) -> 63.730778 | N10: =(AA10/$B10)+(AA10/('Optimal Choice'!$B$19*AV10)) -> 676.70084 | O10: =(AB10/$B10)+(AB10/('Optimal Choice'!$B$24*AW10)) -> 7779.748 | R10: =if(min($K9:$O9)=K9,R9+1,R9) -> 9 | S10: =if(min($K9:$O9)=L9,S9+1,S9) -> 0 | T10: =if(min($K9:$O9)=M9,T9+1,T9) -> 0 | U10: =if(min($K9:$O9)=N9,U9+1,U9) -> 0 | V10: =if(min($K9:$O9)=O9,V9+1,V9) -> 0 | X10: ='Optimal Choice'!$B$5*'Optimal Choice'!$B$6^(R10+1) -> 7.8686054 | Y10: ='Optimal Choice'!$B$10*'Optimal Choice'!$B$11^(S10+1) -> 69 | Z10: ='Optimal Choice'!$B$15*'Optimal Choice'!$B$16^(T10+1) -> 820.8 | AA10: ='Optimal Choice'!$B$20*'Optimal Choice'!$B$21^(U10+1) -> 9763.2 | AB10: ='Optimal Choice'!$B$25*'Optimal Choice'!$B$26^(V10+1) -> 116121.6 | AE10: =if(isna(VLOOKUP(R10,$D$2:$I$10,2,false)),AE9, VLOOKUP(R10,$D$2:$I$10,2,false)) -> 1 | AF10: =if(isna(VLOOKUP(S10,$D$2:$I$10,3,false)),AF9, VLOOKUP(S10,$D$2:$I$10,3,false)) -> 1 | AG10: =if(isna(VLOOKUP(T10,$D$2:$I$10,4,false)),AG9, VLOOKUP(T10,$D$2:$I$10,4,false)) -> 1 | AH10: =if(isna(VLOOKUP(U10,$D$2:$I$10,5,false)),AH9, VLOOKUP(U10,$D$2:$I$10,5,false)) -> 1 | AI10: =if(isna(VLOOKUP(V10,$D$2:$I$10,6,false)),AI9, VLOOKUP(V10,$D$2:$I$10,6,false)) -> 1 | AL10: =R10*'Optimal Choice'!$B$4*AE10 -> 15.03 | AM10: =S10*'Optimal Choice'!$B$9*AF10 -> 0 | AN10: =T10*'Optimal Choice'!$B$14*AG10 -> 0 | AO10: =U10*'Optimal Choice'!$B$19*AH10 -> 0 | AP10: =V10*'Optimal Choice'!$B$24*AI10 -> 0 | AS10: =if(isna(VLOOKUP(R10+1,$D$2:$I$10,2,false)),AS9, VLOOKUP(R10+1,$D$2:$I$10,2,false)) -> 1 | AT10: =if(isna(VLOOKUP(S10+1,$D$2:$I$10,3,false)),AT9, VLOOKUP(S10+1,$D$2:$I$10,3,false)) -> 1 | AU10: =if(isna(VLOOKUP(T10+1,$D$2:$I$10,4,false)),AU9, VLOOKUP(T10+1,$D$2:$I$10,4,false)) -> 1 | AV10: =if(isna(VLOOKUP(U10+1,$D$2:$I$10,5,false)),AV9, VLOOKUP(U10+1,$D$2:$I$10,5,false)) -> 1 | AW10: =if(isna(VLOOKUP(V10+1,$D$2:$I$10,6,false)),AW9, VLOOKUP(V10+1,$D$2:$I$10,6,false)) -> 1 | AY10: =A10-A9 -> 0.0091739482
A11: =A10+(index(X10:AB10,1,match(min(K10:O10),K10:O10,0))/B10)/60 -> 0.15196019 | B11: =(sum(AL11:AP11))*'Optimal Choice'!$B$28 -> 16.7 | D11: ='Optimal Choice'!A41 | K11: =(X11/$B11)+(X11/('Optimal Choice'!$B$4*AS11)) -> 5.5457177 | L11: =(Y11/$B11)+(Y11/('Optimal Choice'!$B$9*AT11)) -> 7.5817365 | M11: =(Z11/$B11)+(Z11/('Optimal Choice'!$B$14*AU11)) -> 58.269701 | N11: =(AA11/$B11)+(AA11/('Optimal Choice'!$B$19*AV11)) -> 611.74275 | O11: =(AB11/$B11)+(AB11/('Optimal Choice'!$B$24*AW11)) -> 7007.1492 | R11: =if(min($K10:$O10)=K10,R10+1,R10) -> 10 | S11: =if(min($K10:$O10)=L10,S10+1,S10) -> 0 | T11: =if(min($K10:$O10)=M10,T10+1,T10) -> 0 | U11: =if(min($K10:$O10)=N10,U10+1,U10) -> 0 | V11: =if(min($K10:$O10)=O10,V10+1,V10) -> 0 | X11: ='Optimal Choice'!$B$5*'Optimal Choice'!$B$6^(R11+1) -> 8.4194078 | Y11: ='Optimal Choice'!$B$10*'Optimal Choice'!$B$11^(S11+1) -> 69 | Z11: ='Optimal Choice'!$B$15*'Optimal Choice'!$B$16^(T11+1) -> 820.8 | AA11: ='Optimal Choice'!$B$20*'Optimal Choice'!$B$21^(U11+1) -> 9763.2 | AB11: ='Optimal Choice'!$B$25*'Optimal Choice'!$B$26^(V11+1) -> 116121.6 | AE11: =if(isna(VLOOKUP(R11,$D$2:$I$10,2,false)),AE10, VLOOKUP(R11,$D$2:$I$10,2,false)) -> 1 | AF11: =if(isna(VLOOKUP(S11,$D$2:$I$10,3,false)),AF10, VLOOKUP(S11,$D$2:$I$10,3,false)) -> 1 | AG11: =if(isna(VLOOKUP(T11,$D$2:$I$10,4,false)),AG10, VLOOKUP(T11,$D$2:$I$10,4,false)) -> 1 | AH11: =if(isna(VLOOKUP(U11,$D$2:$I$10,5,false)),AH10, VLOOKUP(U11,$D$2:$I$10,5,false)) -> 1 | AI11: =if(isna(VLOOKUP(V11,$D$2:$I$10,6,false)),AI10, VLOOKUP(V11,$D$2:$I$10,6,false)) -> 1 | AL11: =R11*'Optimal Choice'!$B$4*AE11 -> 16.7 | AM11: =S11*'Optimal Choice'!$B$9*AF11 -> 0 | AN11: =T11*'Optimal Choice'!$B$14*AG11 -> 0 | AO11: =U11*'Optimal Choice'!$B$19*AH11 -> 0 | AP11: =V11*'Optimal Choice'!$B$24*AI11 -> 0 | AS11: =if(isna(VLOOKUP(R11+1,$D$2:$I$10,2,false)),AS10, VLOOKUP(R11+1,$D$2:$I$10,2,false)) -> 1 | AT11: =if(isna(VLOOKUP(S11+1,$D$2:$I$10,3,false)),AT10, VLOOKUP(S11+1,$D$2:$I$10,3,false)) -> 1 | AU11: =if(isna(VLOOKUP(T11+1,$D$2:$I$10,4,false)),AU10, VLOOKUP(T11+1,$D$2:$I$10,4,false)) -> 1 | AV11: =if(isna(VLOOKUP(U11+1,$D$2:$I$10,5,false)),AV10, VLOOKUP(U11+1,$D$2:$I$10,5,false)) -> 1 | AW11: =if(isna(VLOOKUP(V11+1,$D$2:$I$10,6,false)),AW10, VLOOKUP(V11+1,$D$2:$I$10,6,false)) -> 1 | AY11: =A11-A10 -> 0.008725444
A12: =A11+(index(X11:AB11,1,match(min(K11:O11),K11:O11,0))/B11)/60 -> 0.16036279 | B12: =(sum(AL12:AP12))*'Optimal Choice'!$B$28 -> 18.37 | K12: =(X12/$B12)+(X12/('Optimal Choice'!$B$4*AS12)) -> 5.8848773 | L12: =(Y12/$B12)+(Y12/('Optimal Choice'!$B$9*AT12)) -> 7.2061241 | M12: =(Z12/$B12)+(Z12/('Optimal Choice'!$B$14*AU12)) -> 53.801546 | N12: =(AA12/$B12)+(AA12/('Optimal Choice'!$B$19*AV12)) -> 558.59523 | O12: =(AB12/$B12)+(AB12/('Optimal Choice'!$B$24*AW12)) -> 6375.0229 | R12: =if(min($K11:$O11)=K11,R11+1,R11) -> 11 | S12: =if(min($K11:$O11)=L11,S11+1,S11) -> 0 | T12: =if(min($K11:$O11)=M11,T11+1,T11) -> 0 | U12: =if(min($K11:$O11)=N11,U11+1,U11) -> 0 | V12: =if(min($K11:$O11)=O11,V11+1,V11) -> 0 | X12: ='Optimal Choice'!$B$5*'Optimal Choice'!$B$6^(R12+1) -> 9.0087664 | Y12: ='Optimal Choice'!$B$10*'Optimal Choice'!$B$11^(S12+1) -> 69 | Z12: ='Optimal Choice'!$B$15*'Optimal Choice'!$B$16^(T12+1) -> 820.8 | AA12: ='Optimal Choice'!$B$20*'Optimal Choice'!$B$21^(U12+1) -> 9763.2 | AB12: ='Optimal Choice'!$B$25*'Optimal Choice'!$B$26^(V12+1) -> 116121.6 | AE12: =if(isna(VLOOKUP(R12,$D$2:$I$10,2,false)),AE11, VLOOKUP(R12,$D$2:$I$10,2,false)) -> 1 | AF12: =if(isna(VLOOKUP(S12,$D$2:$I$10,3,false)),AF11, VLOOKUP(S12,$D$2:$I$10,3,false)) -> 1 | AG12: =if(isna(VLOOKUP(T12,$D$2:$I$10,4,false)),AG11, VLOOKUP(T12,$D$2:$I$10,4,false)) -> 1 | AH12: =if(isna(VLOOKUP(U12,$D$2:$I$10,5,false)),AH11, VLOOKUP(U12,$D$2:$I$10,5,false)) -> 1 | AI12: =if(isna(VLOOKUP(V12,$D$2:$I$10,6,false)),AI11, VLOOKUP(V12,$D$2:$I$10,6,false)) -> 1 | AL12: =R12*'Optimal Choice'!$B$4*AE12 -> 18.37 | AM12: =S12*'Optimal Choice'!$B$9*AF12 -> 0 | AN12: =T12*'Optimal Choice'!$B$14*AG12 -> 0 | AO12: =U12*'Optimal Choice'!$B$19*AH12 -> 0 | AP12: =V12*'Optimal Choice'!$B$24*AI12 -> 0 | AS12: =if(isna(VLOOKUP(R12+1,$D$2:$I$10,2,false)),AS11, VLOOKUP(R12+1,$D$2:$I$10,2,false)) -> 1 | AT12: =if(isna(VLOOKUP(S12+1,$D$2:$I$10,3,false)),AT11, VLOOKUP(S12+1,$D$2:$I$10,3,false)) -> 1 | AU12: =if(isna(VLOOKUP(T12+1,$D$2:$I$10,4,false)),AU11, VLOOKUP(T12+1,$D$2:$I$10,4,false)) -> 1 | AV12: =if(isna(VLOOKUP(U12+1,$D$2:$I$10,5,false)),AV11, VLOOKUP(U12+1,$D$2:$I$10,5,false)) -> 1 | AW12: =if(isna(VLOOKUP(V12+1,$D$2:$I$10,6,false)),AW11, VLOOKUP(V12+1,$D$2:$I$10,6,false)) -> 1 | AY12: =A12-A11 -> 0.0084026026
A13: =A12+(index(X12:AB12,1,match(min(K12:O12),K12:O12,0))/B12)/60 -> 0.16853623 | B13: =(sum(AL13:AP13))*'Optimal Choice'!$B$28 -> 20.04 | K13: =(X13/$B13)+(X13/('Optimal Choice'!$B$4*AS13)) -> 6.2530908 | L13: =(Y13/$B13)+(Y13/('Optimal Choice'!$B$9*AT13)) -> 6.8931138 | M13: =(Z13/$B13)+(Z13/('Optimal Choice'!$B$14*AU13)) -> 50.078084 | N13: =(AA13/$B13)+(AA13/('Optimal Choice'!$B$19*AV13)) -> 514.30563 | O13: =(AB13/$B13)+(AB13/('Optimal Choice'!$B$24*AW13)) -> 5848.251 | R13: =if(min($K12:$O12)=K12,R12+1,R12) -> 12 | S13: =if(min($K12:$O12)=L12,S12+1,S12) -> 0 | T13: =if(min($K12:$O12)=M12,T12+1,T12) -> 0 | U13: =if(min($K12:$O12)=N12,U12+1,U12) -> 0 | V13: =if(min($K12:$O12)=O12,V12+1,V12) -> 0 | X13: ='Optimal Choice'!$B$5*'Optimal Choice'!$B$6^(R13+1) -> 9.63938 | Y13: ='Optimal Choice'!$B$10*'Optimal Choice'!$B$11^(S13+1) -> 69 | Z13: ='Optimal Choice'!$B$15*'Optimal Choice'!$B$16^(T13+1) -> 820.8 | AA13: ='Optimal Choice'!$B$20*'Optimal Choice'!$B$21^(U13+1) -> 9763.2 | AB13: ='Optimal Choice'!$B$25*'Optimal Choice'!$B$26^(V13+1) -> 116121.6 | AE13: =if(isna(VLOOKUP(R13,$D$2:$I$10,2,false)),AE12, VLOOKUP(R13,$D$2:$I$10,2,false)) -> 1 | AF13: =if(isna(VLOOKUP(S13,$D$2:$I$10,3,false)),AF12, VLOOKUP(S13,$D$2:$I$10,3,false)) -> 1 | AG13: =if(isna(VLOOKUP(T13,$D$2:$I$10,4,false)),AG12, VLOOKUP(T13,$D$2:$I$10,4,false)) -> 1 | AH13: =if(isna(VLOOKUP(U13,$D$2:$I$10,5,false)),AH12, VLOOKUP(U13,$D$2:$I$10,5,false)) -> 1 | AI13: =if(isna(VLOOKUP(V13,$D$2:$I$10,6,false)),AI12, VLOOKUP(V13,$D$2:$I$10,6,false)) -> 1 | AL13: =R13*'Optimal Choice'!$B$4*AE13 -> 20.04 | AM13: =S13*'Optimal Choice'!$B$9*AF13 -> 0 | AN13: =T13*'Optimal Choice'!$B$14*AG13 -> 0 | AO13: =U13*'Optimal Choice'!$B$19*AH13 -> 0 | AP13: =V13*'Optimal Choice'!$B$24*AI13 -> 0 | AS13: =if(isna(VLOOKUP(R13+1,$D$2:$I$10,2,false)),AS12, VLOOKUP(R13+1,$D$2:$I$10,2,false)) -> 1 | AT13: =if(isna(VLOOKUP(S13+1,$D$2:$I$10,3,false)),AT12, VLOOKUP(S13+1,$D$2:$I$10,3,false)) -> 1 | AU13: =if(isna(VLOOKUP(T13+1,$D$2:$I$10,4,false)),AU12, VLOOKUP(T13+1,$D$2:$I$10,4,false)) -> 1 | AV13: =if(isna(VLOOKUP(U13+1,$D$2:$I$10,5,false)),AV12, VLOOKUP(U13+1,$D$2:$I$10,5,false)) -> 1 | AW13: =if(isna(VLOOKUP(V13+1,$D$2:$I$10,6,false)),AW12, VLOOKUP(V13+1,$D$2:$I$10,6,false)) -> 1 | AY13: =A13-A12 -> 0.0081734407
A14: =A13+(index(X13:AB13,1,match(min(K13:O13),K13:O13,0))/B13)/60 -> 0.17655301 | B14: =(sum(AL14:AP14))*'Optimal Choice'!$B$28 -> 21.71 | K14: =(X14/$B14)+(X14/('Optimal Choice'!$B$4*AS14)) -> 6.6512166 | L14: =(Y14/$B14)+(Y14/('Optimal Choice'!$B$9*AT14)) -> 6.6282589 | M14: =(Z14/$B14)+(Z14/('Optimal Choice'!$B$14*AU14)) -> 46.927462 | N14: =(AA14/$B14)+(AA14/('Optimal Choice'!$B$19*AV14)) -> 476.82981 | O14: =(AB14/$B14)+(AB14/('Optimal Choice'!$B$24*AW14)) -> 5402.5209 | R14: =if(min($K13:$O13)=K13,R13+1,R13) -> 13 | S14: =if(min($K13:$O13)=L13,S13+1,S13) -> 0 | T14: =if(min($K13:$O13)=M13,T13+1,T13) -> 0 | U14: =if(min($K13:$O13)=N13,U13+1,U13) -> 0 | V14: =if(min($K13:$O13)=O13,V13+1,V13) -> 0 | X14: ='Optimal Choice'!$B$5*'Optimal Choice'!$B$6^(R14+1) -> 10.314137 | Y14: ='Optimal Choice'!$B$10*'Optimal Choice'!$B$11^(S14+1) -> 69 | Z14: ='Optimal Choice'!$B$15*'Optimal Choice'!$B$16^(T14+1) -> 820.8 | AA14: ='Optimal Choice'!$B$20*'Optimal Choice'!$B$21^(U14+1) -> 9763.2 | AB14: ='Optimal Choice'!$B$25*'Optimal Choice'!$B$26^(V14+1) -> 116121.6 | AE14: =if(isna(VLOOKUP(R14,$D$2:$I$10,2,false)),AE13, VLOOKUP(R14,$D$2:$I$10,2,false)) -> 1 | AF14: =if(isna(VLOOKUP(S14,$D$2:$I$10,3,false)),AF13, VLOOKUP(S14,$D$2:$I$10,3,false)) -> 1 | AG14: =if(isna(VLOOKUP(T14,$D$2:$I$10,4,false)),AG13, VLOOKUP(T14,$D$2:$I$10,4,false)) -> 1 | AH14: =if(isna(VLOOKUP(U14,$D$2:$I$10,5,false)),AH13, VLOOKUP(U14,$D$2:$I$10,5,false)) -> 1 | AI14: =if(isna(VLOOKUP(V14,$D$2:$I$10,6,false)),AI13, VLOOKUP(V14,$D$2:$I$10,6,false)) -> 1 | AL14: =R14*'Optimal Choice'!$B$4*AE14 -> 21.71 | AM14: =S14*'Optimal Choice'!$B$9*AF14 -> 0 | AN14: =T14*'Optimal Choice'!$B$14*AG14 -> 0 | AO14: =U14*'Optimal Choice'!$B$19*AH14 -> 0 | AP14: =V14*'Optimal Choice'!$B$24*AI14 -> 0 | AS14: =if(isna(VLOOKUP(R14+1,$D$2:$I$10,2,false)),AS13, VLOOKUP(R14+1,$D$2:$I$10,2,false)) -> 1 | AT14: =if(isna(VLOOKUP(S14+1,$D$2:$I$10,3,false)),AT13, VLOOKUP(S14+1,$D$2:$I$10,3,false)) -> 1 | AU14: =if(isna(VLOOKUP(T14+1,$D$2:$I$10,4,false)),AU13, VLOOKUP(T14+1,$D$2:$I$10,4,false)) -> 1 | AV14: =if(isna(VLOOKUP(U14+1,$D$2:$I$10,5,false)),AV13, VLOOKUP(U14+1,$D$2:$I$10,5,false)) -> 1 | AW14: =if(isna(VLOOKUP(V14+1,$D$2:$I$10,6,false)),AW13, VLOOKUP(V14+1,$D$2:$I$10,6,false)) -> 1 | AY14: =A14-A13 -> 0.0080167831
A15: =A14+(index(X14:AB14,1,match(min(K14:O14),K14:O14,0))/B14)/60 -> 0.229524 | B15: =(sum(AL15:AP15))*'Optimal Choice'!$B$28 -> 41.71 | K15: =(X15/$B15)+(X15/('Optimal Choice'!$B$4*AS15)) -> 6.4234118 | L15: =(Y15/$B15)+(Y15/('Optimal Choice'!$B$9*AT15)) -> 5.8699215 | M15: =(Z15/$B15)+(Z15/('Optimal Choice'!$B$14*AU15)) -> 28.798734 | N15: =(AA15/$B15)+(AA15/('Optimal Choice'!$B$19*AV15)) -> 261.19336 | O15: =(AB15/$B15)+(AB15/('Optimal Choice'!$B$24*AW15)) -> 2837.783 | R15: =if(min($K14:$O14)=K14,R14+1,R14) -> 13 | S15: =if(min($K14:$O14)=L14,S14+1,S14) -> 1 | T15: =if(min($K14:$O14)=M14,T14+1,T14) -> 0 | U15: =if(min($K14:$O14)=N14,U14+1,U14) -> 0 | V15: =if(min($K14:$O14)=O14,V14+1,V14) -> 0 | X15: ='Optimal Choice'!$B$5*'Optimal Choice'!$B$6^(R15+1) -> 10.314137 | Y15: ='Optimal Choice'!$B$10*'Optimal Choice'!$B$11^(S15+1) -> 79.35 | Z15: ='Optimal Choice'!$B$15*'Optimal Choice'!$B$16^(T15+1) -> 820.8 | AA15: ='Optimal Choice'!$B$20*'Optimal Choice'!$B$21^(U15+1) -> 9763.2 | AB15: ='Optimal Choice'!$B$25*'Optimal Choice'!$B$26^(V15+1) -> 116121.6 | AE15: =if(isna(VLOOKUP(R15,$D$2:$I$10,2,false)),AE14, VLOOKUP(R15,$D$2:$I$10,2,false)) -> 1 | AF15: =if(isna(VLOOKUP(S15,$D$2:$I$10,3,false)),AF14, VLOOKUP(S15,$D$2:$I$10,3,false)) -> 1 | AG15: =if(isna(VLOOKUP(T15,$D$2:$I$10,4,false)),AG14, VLOOKUP(T15,$D$2:$I$10,4,false)) -> 1 | AH15: =if(isna(VLOOKUP(U15,$D$2:$I$10,5,false)),AH14, VLOOKUP(U15,$D$2:$I$10,5,false)) -> 1 | AI15: =if(isna(VLOOKUP(V15,$D$2:$I$10,6,false)),AI14, VLOOKUP(V15,$D$2:$I$10,6,false)) -> 1 | AL15: =R15*'Optimal Choice'!$B$4*AE15 -> 21.71 | AM15: =S15*'Optimal Choice'!$B$9*AF15 -> 20 | AN15: =T15*'Optimal Choice'!$B$14*AG15 -> 0 | AO15: =U15*'Optimal Choice'!$B$19*AH15 -> 0 | AP15: =V15*'Optimal Choice'!$B$24*AI15 -> 0 | AS15: =if(isna(VLOOKUP(R15+1,$D$2:$I$10,2,false)),AS14, VLOOKUP(R15+1,$D$2:$I$10,2,false)) -> 1 | AT15: =if(isna(VLOOKUP(S15+1,$D$2:$I$10,3,false)),AT14, VLOOKUP(S15+1,$D$2:$I$10,3,false)) -> 1 | AU15: =if(isna(VLOOKUP(T15+1,$D$2:$I$10,4,false)),AU14, VLOOKUP(T15+1,$D$2:$I$10,4,false)) -> 1 | AV15: =if(isna(VLOOKUP(U15+1,$D$2:$I$10,5,false)),AV14, VLOOKUP(U15+1,$D$2:$I$10,5,false)) -> 1 | AW15: =if(isna(VLOOKUP(V15+1,$D$2:$I$10,6,false)),AW14, VLOOKUP(V15+1,$D$2:$I$10,6,false)) -> 1 | AY15: =A15-A14 -> 0.052970981
A16: =A15+(index(X15:AB15,1,match(min(K15:O15),K15:O15,0))/B15)/60 -> 0.26123102 | B16: =(sum(AL16:AP16))*'Optimal Choice'!$B$28 -> 61.71 | K16: =(X16/$B16)+(X16/('Optimal Choice'!$B$4*AS16)) -> 6.3432685 | L16: =(Y16/$B16)+(Y16/('Optimal Choice'!$B$9*AT16)) -> 6.0413562 | M16: =(Z16/$B16)+(Z16/('Optimal Choice'!$B$14*AU16)) -> 22.420924 | N16: =(AA16/$B16)+(AA16/('Optimal Choice'!$B$19*AV16)) -> 185.33099 | O16: =(AB16/$B16)+(AB16/('Optimal Choice'!$B$24*AW16)) -> 1935.4907 | R16: =if(min($K15:$O15)=K15,R15+1,R15) -> 13 | S16: =if(min($K15:$O15)=L15,S15+1,S15) -> 2 | T16: =if(min($K15:$O15)=M15,T15+1,T15) -> 0 | U16: =if(min($K15:$O15)=N15,U15+1,U15) -> 0 | V16: =if(min($K15:$O15)=O15,V15+1,V15) -> 0 | X16: ='Optimal Choice'!$B$5*'Optimal Choice'!$B$6^(R16+1) -> 10.314137 | Y16: ='Optimal Choice'!$B$10*'Optimal Choice'!$B$11^(S16+1) -> 91.2525 | Z16: ='Optimal Choice'!$B$15*'Optimal Choice'!$B$16^(T16+1) -> 820.8 | AA16: ='Optimal Choice'!$B$20*'Optimal Choice'!$B$21^(U16+1) -> 9763.2 | AB16: ='Optimal Choice'!$B$25*'Optimal Choice'!$B$26^(V16+1) -> 116121.6 | AE16: =if(isna(VLOOKUP(R16,$D$2:$I$10,2,false)),AE15, VLOOKUP(R16,$D$2:$I$10,2,false)) -> 1 | AF16: =if(isna(VLOOKUP(S16,$D$2:$I$10,3,false)),AF15, VLOOKUP(S16,$D$2:$I$10,3,false)) -> 1 | AG16: =if(isna(VLOOKUP(T16,$D$2:$I$10,4,false)),AG15, VLOOKUP(T16,$D$2:$I$10,4,false)) -> 1 | AH16: =if(isna(VLOOKUP(U16,$D$2:$I$10,5,false)),AH15, VLOOKUP(U16,$D$2:$I$10,5,false)) -> 1 | AI16: =if(isna(VLOOKUP(V16,$D$2:$I$10,6,false)),AI15, VLOOKUP(V16,$D$2:$I$10,6,false)) -> 1 | AL16: =R16*'Optimal Choice'!$B$4*AE16 -> 21.71 | AM16: =S16*'Optimal Choice'!$B$9*AF16 -> 40 | AN16: =T16*'Optimal Choice'!$B$14*AG16 -> 0 | AO16: =U16*'Optimal Choice'!$B$19*AH16 -> 0 | AP16: =V16*'Optimal Choice'!$B$24*AI16 -> 0 | AS16: =if(isna(VLOOKUP(R16+1,$D$2:$I$10,2,false)),AS15, VLOOKUP(R16+1,$D$2:$I$10,2,false)) -> 1 | AT16: =if(isna(VLOOKUP(S16+1,$D$2:$I$10,3,false)),AT15, VLOOKUP(S16+1,$D$2:$I$10,3,false)) -> 1 | AU16: =if(isna(VLOOKUP(T16+1,$D$2:$I$10,4,false)),AU15, VLOOKUP(T16+1,$D$2:$I$10,4,false)) -> 1 | AV16: =if(isna(VLOOKUP(U16+1,$D$2:$I$10,5,false)),AV15, VLOOKUP(U16+1,$D$2:$I$10,5,false)) -> 1 | AW16: =if(isna(VLOOKUP(V16+1,$D$2:$I$10,6,false)),AW15, VLOOKUP(V16+1,$D$2:$I$10,6,false)) -> 1 | AY16: =A16-A15 -> 0.031707025
A17: =A16+(index(X16:AB16,1,match(min(K16:O16),K16:O16,0))/B16)/60 -> 0.28587654 | B17: =(sum(AL17:AP17))*'Optimal Choice'!$B$28 -> 81.71 | K17: =(X17/$B17)+(X17/('Optimal Choice'!$B$4*AS17)) -> 6.3023583 | L17: =(Y17/$B17)+(Y17/('Optimal Choice'!$B$9*AT17)) -> 6.5313215 | M17: =(Z17/$B17)+(Z17/('Optimal Choice'!$B$14*AU17)) -> 19.165282 | N17: =(AA17/$B17)+(AA17/('Optimal Choice'!$B$19*AV17)) -> 146.60599 | O17: =(AB17/$B17)+(AB17/('Optimal Choice'!$B$24*AW17)) -> 1474.9031 | R17: =if(min($K16:$O16)=K16,R16+1,R16) -> 13 | S17: =if(min($K16:$O16)=L16,S16+1,S16) -> 3 | T17: =if(min($K16:$O16)=M16,T16+1,T16) -> 0 | U17: =if(min($K16:$O16)=N16,U16+1,U16) -> 0 | V17: =if(min($K16:$O16)=O16,V16+1,V16) -> 0 | X17: ='Optimal Choice'!$B$5*'Optimal Choice'!$B$6^(R17+1) -> 10.314137 | Y17: ='Optimal Choice'!$B$10*'Optimal Choice'!$B$11^(S17+1) -> 104.94038 | Z17: ='Optimal Choice'!$B$15*'Optimal Choice'!$B$16^(T17+1) -> 820.8 | AA17: ='Optimal Choice'!$B$20*'Optimal Choice'!$B$21^(U17+1) -> 9763.2 | AB17: ='Optimal Choice'!$B$25*'Optimal Choice'!$B$26^(V17+1) -> 116121.6 | AE17: =if(isna(VLOOKUP(R17,$D$2:$I$10,2,false)),AE16, VLOOKUP(R17,$D$2:$I$10,2,false)) -> 1 | AF17: =if(isna(VLOOKUP(S17,$D$2:$I$10,3,false)),AF16, VLOOKUP(S17,$D$2:$I$10,3,false)) -> 1 | AG17: =if(isna(VLOOKUP(T17,$D$2:$I$10,4,false)),AG16, VLOOKUP(T17,$D$2:$I$10,4,false)) -> 1 | AH17: =if(isna(VLOOKUP(U17,$D$2:$I$10,5,false)),AH16, VLOOKUP(U17,$D$2:$I$10,5,false)) -> 1 | AI17: =if(isna(VLOOKUP(V17,$D$2:$I$10,6,false)),AI16, VLOOKUP(V17,$D$2:$I$10,6,false)) -> 1 | AL17: =R17*'Optimal Choice'!$B$4*AE17 -> 21.71 | AM17: =S17*'Optimal Choice'!$B$9*AF17 -> 60 | AN17: =T17*'Optimal Choice'!$B$14*AG17 -> 0 | AO17: =U17*'Optimal Choice'!$B$19*AH17 -> 0 | AP17: =V17*'Optimal Choice'!$B$24*AI17 -> 0 | AS17: =if(isna(VLOOKUP(R17+1,$D$2:$I$10,2,false)),AS16, VLOOKUP(R17+1,$D$2:$I$10,2,false)) -> 1 | AT17: =if(isna(VLOOKUP(S17+1,$D$2:$I$10,3,false)),AT16, VLOOKUP(S17+1,$D$2:$I$10,3,false)) -> 1 | AU17: =if(isna(VLOOKUP(T17+1,$D$2:$I$10,4,false)),AU16, VLOOKUP(T17+1,$D$2:$I$10,4,false)) -> 1 | AV17: =if(isna(VLOOKUP(U17+1,$D$2:$I$10,5,false)),AV16, VLOOKUP(U17+1,$D$2:$I$10,5,false)) -> 1 | AW17: =if(isna(VLOOKUP(V17+1,$D$2:$I$10,6,false)),AW16, VLOOKUP(V17+1,$D$2:$I$10,6,false)) -> 1 | AY17: =A17-A16 -> 0.024645519
A18: =A17+(index(X17:AB17,1,match(min(K17:O17),K17:O17,0))/B17)/60 -> 0.28798035 | B18: =(sum(AL18:AP18))*'Optimal Choice'!$B$28 -> 83.38 | K18: =(X18/$B18)+(X18/('Optimal Choice'!$B$4*AS18)) -> 6.7408182 | L18: =(Y18/$B18)+(Y18/('Optimal Choice'!$B$9*AT18)) -> 6.5055984 | M18: =(Z18/$B18)+(Z18/('Optimal Choice'!$B$14*AU18)) -> 18.964087 | N18: =(AA18/$B18)+(AA18/('Optimal Choice'!$B$19*AV18)) -> 144.21283 | O18: =(AB18/$B18)+(AB18/('Optimal Choice'!$B$24*AW18)) -> 1446.4393 | R18: =if(min($K17:$O17)=K17,R17+1,R17) -> 14 | S18: =if(min($K17:$O17)=L17,S17+1,S17) -> 3 | T18: =if(min($K17:$O17)=M17,T17+1,T17) -> 0 | U18: =if(min($K17:$O17)=N17,U17+1,U17) -> 0 | V18: =if(min($K17:$O17)=O17,V17+1,V17) -> 0 | X18: ='Optimal Choice'!$B$5*'Optimal Choice'!$B$6^(R18+1) -> 11.036126 | Y18: ='Optimal Choice'!$B$10*'Optimal Choice'!$B$11^(S18+1) -> 104.94038 | Z18: ='Optimal Choice'!$B$15*'Optimal Choice'!$B$16^(T18+1) -> 820.8 | AA18: ='Optimal Choice'!$B$20*'Optimal Choice'!$B$21^(U18+1) -> 9763.2 | AB18: ='Optimal Choice'!$B$25*'Optimal Choice'!$B$26^(V18+1) -> 116121.6 | AE18: =if(isna(VLOOKUP(R18,$D$2:$I$10,2,false)),AE17, VLOOKUP(R18,$D$2:$I$10,2,false)) -> 1 | AF18: =if(isna(VLOOKUP(S18,$D$2:$I$10,3,false)),AF17, VLOOKUP(S18,$D$2:$I$10,3,false)) -> 1 | AG18: =if(isna(VLOOKUP(T18,$D$2:$I$10,4,false)),AG17, VLOOKUP(T18,$D$2:$I$10,4,false)) -> 1 | AH18: =if(isna(VLOOKUP(U18,$D$2:$I$10,5,false)),AH17, VLOOKUP(U18,$D$2:$I$10,5,false)) -> 1 | AI18: =if(isna(VLOOKUP(V18,$D$2:$I$10,6,false)),AI17, VLOOKUP(V18,$D$2:$I$10,6,false)) -> 1 | AL18: =R18*'Optimal Choice'!$B$4*AE18 -> 23.38 | AM18: =S18*'Optimal Choice'!$B$9*AF18 -> 60 | AN18: =T18*'Optimal Choice'!$B$14*AG18 -> 0 | AO18: =U18*'Optimal Choice'!$B$19*AH18 -> 0 | AP18: =V18*'Optimal Choice'!$B$24*AI18 -> 0 | AS18: =if(isna(VLOOKUP(R18+1,$D$2:$I$10,2,false)),AS17, VLOOKUP(R18+1,$D$2:$I$10,2,false)) -> 1 | AT18: =if(isna(VLOOKUP(S18+1,$D$2:$I$10,3,false)),AT17, VLOOKUP(S18+1,$D$2:$I$10,3,false)) -> 1 | AU18: =if(isna(VLOOKUP(T18+1,$D$2:$I$10,4,false)),AU17, VLOOKUP(T18+1,$D$2:$I$10,4,false)) -> 1 | AV18: =if(isna(VLOOKUP(U18+1,$D$2:$I$10,5,false)),AV17, VLOOKUP(U18+1,$D$2:$I$10,5,false)) -> 1 | AW18: =if(isna(VLOOKUP(V18+1,$D$2:$I$10,6,false)),AW17, VLOOKUP(V18+1,$D$2:$I$10,6,false)) -> 1 | AY18: =A18-A17 -> 0.0021038095
A19: =A18+(index(X18:AB18,1,match(min(K18:O18),K18:O18,0))/B18)/60 -> 0.30895668 | B19: =(sum(AL19:AP19))*'Optimal Choice'!$B$28 -> 103.38 | K19: =(X19/$B19)+(X19/('Optimal Choice'!$B$4*AS19)) -> 6.7152118 | L19: =(Y19/$B19)+(Y19/('Optimal Choice'!$B$9*AT19)) -> 7.2014292 | M19: =(Z19/$B19)+(Z19/('Optimal Choice'!$B$14*AU19)) -> 17.05964 | N19: =(AA19/$B19)+(AA19/('Optimal Choice'!$B$19*AV19)) -> 121.55993 | O19: =(AB19/$B19)+(AB19/('Optimal Choice'!$B$24*AW19)) -> 1177.0101 | R19: =if(min($K18:$O18)=K18,R18+1,R18) -> 14 | S19: =if(min($K18:$O18)=L18,S18+1,S18) -> 4 | T19: =if(min($K18:$O18)=M18,T18+1,T18) -> 0 | U19: =if(min($K18:$O18)=N18,U18+1,U18) -> 0 | V19: =if(min($K18:$O18)=O18,V18+1,V18) -> 0 | X19: ='Optimal Choice'!$B$5*'Optimal Choice'!$B$6^(R19+1) -> 11.036126 | Y19: ='Optimal Choice'!$B$10*'Optimal Choice'!$B$11^(S19+1) -> 120.68143 | Z19: ='Optimal Choice'!$B$15*'Optimal Choice'!$B$16^(T19+1) -> 820.8 | AA19: ='Optimal Choice'!$B$20*'Optimal Choice'!$B$21^(U19+1) -> 9763.2 | AB19: ='Optimal Choice'!$B$25*'Optimal Choice'!$B$26^(V19+1) -> 116121.6 | AE19: =if(isna(VLOOKUP(R19,$D$2:$I$10,2,false)),AE18, VLOOKUP(R19,$D$2:$I$10,2,false)) -> 1 | AF19: =if(isna(VLOOKUP(S19,$D$2:$I$10,3,false)),AF18, VLOOKUP(S19,$D$2:$I$10,3,false)) -> 1 | AG19: =if(isna(VLOOKUP(T19,$D$2:$I$10,4,false)),AG18, VLOOKUP(T19,$D$2:$I$10,4,false)) -> 1 | AH19: =if(isna(VLOOKUP(U19,$D$2:$I$10,5,false)),AH18, VLOOKUP(U19,$D$2:$I$10,5,false)) -> 1 | AI19: =if(isna(VLOOKUP(V19,$D$2:$I$10,6,false)),AI18, VLOOKUP(V19,$D$2:$I$10,6,false)) -> 1 | AL19: =R19*'Optimal Choice'!$B$4*AE19 -> 23.38 | AM19: =S19*'Optimal Choice'!$B$9*AF19 -> 80 | AN19: =T19*'Optimal Choice'!$B$14*AG19 -> 0 | AO19: =U19*'Optimal Choice'!$B$19*AH19 -> 0 | AP19: =V19*'Optimal Choice'!$B$24*AI19 -> 0 | AS19: =if(isna(VLOOKUP(R19+1,$D$2:$I$10,2,false)),AS18, VLOOKUP(R19+1,$D$2:$I$10,2,false)) -> 1 | AT19: =if(isna(VLOOKUP(S19+1,$D$2:$I$10,3,false)),AT18, VLOOKUP(S19+1,$D$2:$I$10,3,false)) -> 1 | AU19: =if(isna(VLOOKUP(T19+1,$D$2:$I$10,4,false)),AU18, VLOOKUP(T19+1,$D$2:$I$10,4,false)) -> 1 | AV19: =if(isna(VLOOKUP(U19+1,$D$2:$I$10,5,false)),AV18, VLOOKUP(U19+1,$D$2:$I$10,5,false)) -> 1 | AW19: =if(isna(VLOOKUP(V19+1,$D$2:$I$10,6,false)),AW18, VLOOKUP(V19+1,$D$2:$I$10,6,false)) -> 1 | AY19: =A19-A18 -> 0.020976328
A20: =A19+(index(X19:AB19,1,match(min(K19:O19),K19:O19,0))/B19)/60 -> 0.31073589 | B20: =(sum(AL20:AP20))*'Optimal Choice'!$B$28 -> 105.05 | K20: =(X20/$B20)+(X20/('Optimal Choice'!$B$4*AS20)) -> 7.1834607 | L20: =(Y20/$B20)+(Y20/('Optimal Choice'!$B$9*AT20)) -> 7.1828715 | M20: =(Z20/$B20)+(Z20/('Optimal Choice'!$B$14*AU20)) -> 16.933422 | N20: =(AA20/$B20)+(AA20/('Optimal Choice'!$B$19*AV20)) -> 120.0586 | O20: =(AB20/$B20)+(AB20/('Optimal Choice'!$B$24*AW20)) -> 1159.1536 | R20: =if(min($K19:$O19)=K19,R19+1,R19) -> 15 | S20: =if(min($K19:$O19)=L19,S19+1,S19) -> 4 | T20: =if(min($K19:$O19)=M19,T19+1,T19) -> 0 | U20: =if(min($K19:$O19)=N19,U19+1,U19) -> 0 | V20: =if(min($K19:$O19)=O19,V19+1,V19) -> 0 | X20: ='Optimal Choice'!$B$5*'Optimal Choice'!$B$6^(R20+1) -> 11.808655 | Y20: ='Optimal Choice'!$B$10*'Optimal Choice'!$B$11^(S20+1) -> 120.68143 | Z20: ='Optimal Choice'!$B$15*'Optimal Choice'!$B$16^(T20+1) -> 820.8 | AA20: ='Optimal Choice'!$B$20*'Optimal Choice'!$B$21^(U20+1) -> 9763.2 | AB20: ='Optimal Choice'!$B$25*'Optimal Choice'!$B$26^(V20+1) -> 116121.6 | AE20: =if(isna(VLOOKUP(R20,$D$2:$I$10,2,false)),AE19, VLOOKUP(R20,$D$2:$I$10,2,false)) -> 1 | AF20: =if(isna(VLOOKUP(S20,$D$2:$I$10,3,false)),AF19, VLOOKUP(S20,$D$2:$I$10,3,false)) -> 1 | AG20: =if(isna(VLOOKUP(T20,$D$2:$I$10,4,false)),AG19, VLOOKUP(T20,$D$2:$I$10,4,false)) -> 1 | AH20: =if(isna(VLOOKUP(U20,$D$2:$I$10,5,false)),AH19, VLOOKUP(U20,$D$2:$I$10,5,false)) -> 1 | AI20: =if(isna(VLOOKUP(V20,$D$2:$I$10,6,false)),AI19, VLOOKUP(V20,$D$2:$I$10,6,false)) -> 1 | AL20: =R20*'Optimal Choice'!$B$4*AE20 -> 25.05 | AM20: =S20*'Optimal Choice'!$B$9*AF20 -> 80 | AN20: =T20*'Optimal Choice'!$B$14*AG20 -> 0 | AO20: =U20*'Optimal Choice'!$B$19*AH20 -> 0 | AP20: =V20*'Optimal Choice'!$B$24*AI20 -> 0 | AS20: =if(isna(VLOOKUP(R20+1,$D$2:$I$10,2,false)),AS19, VLOOKUP(R20+1,$D$2:$I$10,2,false)) -> 1 | AT20: =if(isna(VLOOKUP(S20+1,$D$2:$I$10,3,false)),AT19, VLOOKUP(S20+1,$D$2:$I$10,3,false)) -> 1 | AU20: =if(isna(VLOOKUP(T20+1,$D$2:$I$10,4,false)),AU19, VLOOKUP(T20+1,$D$2:$I$10,4,false)) -> 1 | AV20: =if(isna(VLOOKUP(U20+1,$D$2:$I$10,5,false)),AV19, VLOOKUP(U20+1,$D$2:$I$10,5,false)) -> 1 | AW20: =if(isna(VLOOKUP(V20+1,$D$2:$I$10,6,false)),AW19, VLOOKUP(V20+1,$D$2:$I$10,6,false)) -> 1 | AY20: =A20-A19 -> 0.0017792168
A21: =A20+(index(X20:AB20,1,match(min(K20:O20),K20:O20,0))/B20)/60 -> 0.32988256 | B21: =(sum(AL21:AP21))*'Optimal Choice'!$B$28 -> 125.05 | K21: =(X21/$B21)+(X21/('Optimal Choice'!$B$4*AS21)) -> 7.1654824 | L21: =(Y21/$B21)+(Y21/('Optimal Choice'!$B$9*AT21)) -> 8.0490075 | M21: =(Z21/$B21)+(Z21/('Optimal Choice'!$B$14*AU21)) -> 15.683774 | N21: =(AA21/$B21)+(AA21/('Optimal Choice'!$B$19*AV21)) -> 105.19437 | O21: =(AB21/$B21)+(AB21/('Optimal Choice'!$B$24*AW21)) -> 982.36136 | R21: =if(min($K20:$O20)=K20,R20+1,R20) -> 15 | S21: =if(min($K20:$O20)=L20,S20+1,S20) -> 5 | T21: =if(min($K20:$O20)=M20,T20+1,T20) -> 0 | U21: =if(min($K20:$O20)=N20,U20+1,U20) -> 0 | V21: =if(min($K20:$O20)=O20,V20+1,V20) -> 0 | X21: ='Optimal Choice'!$B$5*'Optimal Choice'!$B$6^(R21+1) -> 11.808655 | Y21: ='Optimal Choice'!$B$10*'Optimal Choice'!$B$11^(S21+1) -> 138.78365 | Z21: ='Optimal Choice'!$B$15*'Optimal Choice'!$B$16^(T21+1) -> 820.8 | AA21: ='Optimal Choice'!$B$20*'Optimal Choice'!$B$21^(U21+1) -> 9763.2 | AB21: ='Optimal Choice'!$B$25*'Optimal Choice'!$B$26^(V21+1) -> 116121.6 | AE21: =if(isna(VLOOKUP(R21,$D$2:$I$10,2,false)),AE20, VLOOKUP(R21,$D$2:$I$10,2,false)) -> 1 | AF21: =if(isna(VLOOKUP(S21,$D$2:$I$10,3,false)),AF20, VLOOKUP(S21,$D$2:$I$10,3,false)) -> 1 | AG21: =if(isna(VLOOKUP(T21,$D$2:$I$10,4,false)),AG20, VLOOKUP(T21,$D$2:$I$10,4,false)) -> 1 | AH21: =if(isna(VLOOKUP(U21,$D$2:$I$10,5,false)),AH20, VLOOKUP(U21,$D$2:$I$10,5,false)) -> 1 | AI21: =if(isna(VLOOKUP(V21,$D$2:$I$10,6,false)),AI20, VLOOKUP(V21,$D$2:$I$10,6,false)) -> 1 | AL21: =R21*'Optimal Choice'!$B$4*AE21 -> 25.05 | AM21: =S21*'Optimal Choice'!$B$9*AF21 -> 100 | AN21: =T21*'Optimal Choice'!$B$14*AG21 -> 0 | AO21: =U21*'Optimal Choice'!$B$19*AH21 -> 0 | AP21: =V21*'Optimal Choice'!$B$24*AI21 -> 0 | AS21: =if(isna(VLOOKUP(R21+1,$D$2:$I$10,2,false)),AS20, VLOOKUP(R21+1,$D$2:$I$10,2,false)) -> 1 | AT21: =if(isna(VLOOKUP(S21+1,$D$2:$I$10,3,false)),AT20, VLOOKUP(S21+1,$D$2:$I$10,3,false)) -> 1 | AU21: =if(isna(VLOOKUP(T21+1,$D$2:$I$10,4,false)),AU20, VLOOKUP(T21+1,$D$2:$I$10,4,false)) -> 1 | AV21: =if(isna(VLOOKUP(U21+1,$D$2:$I$10,5,false)),AV20, VLOOKUP(U21+1,$D$2:$I$10,5,false)) -> 1 | AW21: =if(isna(VLOOKUP(V21+1,$D$2:$I$10,6,false)),AW20, VLOOKUP(V21+1,$D$2:$I$10,6,false)) -> 1 | AY21: =A21-A20 -> 0.019146665
A22: =A21+(index(X21:AB21,1,match(min(K21:O21),K21:O21,0))/B21)/60 -> 0.33145642 | B22: =(sum(AL22:AP22))*'Optimal Choice'!$B$28 -> 126.72 | K22: =(X22/$B22)+(X22/('Optimal Choice'!$B$4*AS22)) -> 7.6657345 | L22: =(Y22/$B22)+(Y22/('Optimal Choice'!$B$9*AT22)) -> 8.0343815 | M22: =(Z22/$B22)+(Z22/('Optimal Choice'!$B$14*AU22)) -> 15.597273 | N22: =(AA22/$B22)+(AA22/('Optimal Choice'!$B$19*AV22)) -> 104.16545 | O22: =(AB22/$B22)+(AB22/('Optimal Choice'!$B$24*AW22)) -> 970.12364 | R22: =if(min($K21:$O21)=K21,R21+1,R21) -> 16 | S22: =if(min($K21:$O21)=L21,S21+1,S21) -> 5 | T22: =if(min($K21:$O21)=M21,T21+1,T21) -> 0 | U22: =if(min($K21:$O21)=N21,U21+1,U21) -> 0 | V22: =if(min($K21:$O21)=O21,V21+1,V21) -> 0 | X22: ='Optimal Choice'!$B$5*'Optimal Choice'!$B$6^(R22+1) -> 12.635261 | Y22: ='Optimal Choice'!$B$10*'Optimal Choice'!$B$11^(S22+1) -> 138.78365 | Z22: ='Optimal Choice'!$B$15*'Optimal Choice'!$B$16^(T22+1) -> 820.8 | AA22: ='Optimal Choice'!$B$20*'Optimal Choice'!$B$21^(U22+1) -> 9763.2 | AB22: ='Optimal Choice'!$B$25*'Optimal Choice'!$B$26^(V22+1) -> 116121.6 | AE22: =if(isna(VLOOKUP(R22,$D$2:$I$10,2,false)),AE21, VLOOKUP(R22,$D$2:$I$10,2,false)) -> 1 | AF22: =if(isna(VLOOKUP(S22,$D$2:$I$10,3,false)),AF21, VLOOKUP(S22,$D$2:$I$10,3,false)) -> 1 | AG22: =if(isna(VLOOKUP(T22,$D$2:$I$10,4,false)),AG21, VLOOKUP(T22,$D$2:$I$10,4,false)) -> 1 | AH22: =if(isna(VLOOKUP(U22,$D$2:$I$10,5,false)),AH21, VLOOKUP(U22,$D$2:$I$10,5,false)) -> 1 | AI22: =if(isna(VLOOKUP(V22,$D$2:$I$10,6,false)),AI21, VLOOKUP(V22,$D$2:$I$10,6,false)) -> 1 | AL22: =R22*'Optimal Choice'!$B$4*AE22 -> 26.72 | AM22: =S22*'Optimal Choice'!$B$9*AF22 -> 100 | AN22: =T22*'Optimal Choice'!$B$14*AG22 -> 0 | AO22: =U22*'Optimal Choice'!$B$19*AH22 -> 0 | AP22: =V22*'Optimal Choice'!$B$24*AI22 -> 0 | AS22: =if(isna(VLOOKUP(R22+1,$D$2:$I$10,2,false)),AS21, VLOOKUP(R22+1,$D$2:$I$10,2,false)) -> 1 | AT22: =if(isna(VLOOKUP(S22+1,$D$2:$I$10,3,false)),AT21, VLOOKUP(S22+1,$D$2:$I$10,3,false)) -> 1 | AU22: =if(isna(VLOOKUP(T22+1,$D$2:$I$10,4,false)),AU21, VLOOKUP(T22+1,$D$2:$I$10,4,false)) -> 1 | AV22: =if(isna(VLOOKUP(U22+1,$D$2:$I$10,5,false)),AV21, VLOOKUP(U22+1,$D$2:$I$10,5,false)) -> 1 | AW22: =if(isna(VLOOKUP(V22+1,$D$2:$I$10,6,false)),AW21, VLOOKUP(V22+1,$D$2:$I$10,6,false)) -> 1 | AY22: =A22-A21 -> 0.0015738578
A23: =A22+(index(X22:AB22,1,match(min(K22:O22),K22:O22,0))/B22)/60 -> 0.33311825 | B23: =(sum(AL23:AP23))*'Optimal Choice'!$B$28 -> 128.39 | K23: =(X23/$B23)+(X23/('Optimal Choice'!$B$4*AS23)) -> 8.2009482 | L23: =(Y23/$B23)+(Y23/('Optimal Choice'!$B$9*AT23)) -> 8.020136 | M23: =(Z23/$B23)+(Z23/('Optimal Choice'!$B$14*AU23)) -> 15.513021 | N23: =(AA23/$B23)+(AA23/('Optimal Choice'!$B$19*AV23)) -> 103.16331 | O23: =(AB23/$B23)+(AB23/('Optimal Choice'!$B$24*AW23)) -> 958.20427 | R23: =if(min($K22:$O22)=K22,R22+1,R22) -> 17 | S23: =if(min($K22:$O22)=L22,S22+1,S22) -> 5 | T23: =if(min($K22:$O22)=M22,T22+1,T22) -> 0 | U23: =if(min($K22:$O22)=N22,U22+1,U22) -> 0 | V23: =if(min($K22:$O22)=O22,V22+1,V22) -> 0 | X23: ='Optimal Choice'!$B$5*'Optimal Choice'!$B$6^(R23+1) -> 13.519729 | Y23: ='Optimal Choice'!$B$10*'Optimal Choice'!$B$11^(S23+1) -> 138.78365 | Z23: ='Optimal Choice'!$B$15*'Optimal Choice'!$B$16^(T23+1) -> 820.8 | AA23: ='Optimal Choice'!$B$20*'Optimal Choice'!$B$21^(U23+1) -> 9763.2 | AB23: ='Optimal Choice'!$B$25*'Optimal Choice'!$B$26^(V23+1) -> 116121.6 | AE23: =if(isna(VLOOKUP(R23,$D$2:$I$10,2,false)),AE22, VLOOKUP(R23,$D$2:$I$10,2,false)) -> 1 | AF23: =if(isna(VLOOKUP(S23,$D$2:$I$10,3,false)),AF22, VLOOKUP(S23,$D$2:$I$10,3,false)) -> 1 | AG23: =if(isna(VLOOKUP(T23,$D$2:$I$10,4,false)),AG22, VLOOKUP(T23,$D$2:$I$10,4,false)) -> 1 | AH23: =if(isna(VLOOKUP(U23,$D$2:$I$10,5,false)),AH22, VLOOKUP(U23,$D$2:$I$10,5,false)) -> 1 | AI23: =if(isna(VLOOKUP(V23,$D$2:$I$10,6,false)),AI22, VLOOKUP(V23,$D$2:$I$10,6,false)) -> 1 | AL23: =R23*'Optimal Choice'!$B$4*AE23 -> 28.39 | AM23: =S23*'Optimal Choice'!$B$9*AF23 -> 100 | AN23: =T23*'Optimal Choice'!$B$14*AG23 -> 0 | AO23: =U23*'Optimal Choice'!$B$19*AH23 -> 0 | AP23: =V23*'Optimal Choice'!$B$24*AI23 -> 0 | AS23: =if(isna(VLOOKUP(R23+1,$D$2:$I$10,2,false)),AS22, VLOOKUP(R23+1,$D$2:$I$10,2,false)) -> 1 | AT23: =if(isna(VLOOKUP(S23+1,$D$2:$I$10,3,false)),AT22, VLOOKUP(S23+1,$D$2:$I$10,3,false)) -> 1 | AU23: =if(isna(VLOOKUP(T23+1,$D$2:$I$10,4,false)),AU22, VLOOKUP(T23+1,$D$2:$I$10,4,false)) -> 1 | AV23: =if(isna(VLOOKUP(U23+1,$D$2:$I$10,5,false)),AV22, VLOOKUP(U23+1,$D$2:$I$10,5,false)) -> 1 | AW23: =if(isna(VLOOKUP(V23+1,$D$2:$I$10,6,false)),AW22, VLOOKUP(V23+1,$D$2:$I$10,6,false)) -> 1 | AY23: =A23-A22 -> 0.0016618346
... A600: =A599+(index(X599:AB599,1,match(min(K599:O599),K599:O599,0))/B599)/60 -> 210.19133 | B600: =(sum(AL600:AP600))*'Optimal Choice'!$B$28 -> 1296740.4 | K600: =(X600/$B600)+(X600/('Optimal Choice'!$B$4*AS600)) -> 106994 | L600: =(Y600/$B600)+(Y600/('Optimal Choice'!$B$9*AT600)) -> 109520.11 | M600: =(Z600/$B600)+(Z600/('Optimal Choice'!$B$14*AU600)) -> 107766.5 | N600: =(AA600/$B600)+(AA600/('Optimal Choice'!$B$19*AV600)) -> 119670.52 | O600: =(AB600/$B600)+(AB600/('Optimal Choice'!$B$24*AW600)) -> 110991.72 | R600: =if(min($K599:$O599)=K599,R599+1,R599) -> 234 | S600: =if(min($K599:$O599)=L599,S599+1,S599) -> 110 | T600: =if(min($K599:$O599)=M599,T599+1,T599) -> 98 | U600: =if(min($K599:$O599)=N599,U599+1,U599) -> 80 | V600: =if(min($K599:$O599)=O599,V599+1,V599) -> 77 | X600: ='Optimal Choice'!$B$5*'Optimal Choice'!$B$6^(R600+1) -> 32154943 | Y600: ='Optimal Choice'!$B$10*'Optimal Choice'!$B$11^(S600+1) -> 3.2780195e+08 | Z600: ='Optimal Choice'!$B$15*'Optimal Choice'!$B$16^(T600+1) -> 3.0967973e+08 | AA600: ='Optimal Choice'!$B$20*'Optimal Choice'!$B$21^(U600+1) -> 1.721344e+08 | AB600: ='Optimal Choice'!$B$25*'Optimal Choice'!$B$26^(V600+1) -> 7.1565013e+08 | AE600: =if(isna(VLOOKUP(R600,$D$2:$I$10,2,false)),AE599, VLOOKUP(R600,$D$2:$I$10,2,false)) -> 180 | AF600: =if(isna(VLOOKUP(S600,$D$2:$I$10,3,false)),AF599, VLOOKUP(S600,$D$2:$I$10,3,false)) -> 150 | AG600: =if(isna(VLOOKUP(T600,$D$2:$I$10,4,false)),AG599, VLOOKUP(T600,$D$2:$I$10,4,false)) -> 32 | AH600: =if(isna(VLOOKUP(U600,$D$2:$I$10,5,false)),AH599, VLOOKUP(U600,$D$2:$I$10,5,false)) -> 4 | AI600: =if(isna(VLOOKUP(V600,$D$2:$I$10,6,false)),AI599, VLOOKUP(V600,$D$2:$I$10,6,false)) -> 3 | AL600: =R600*'Optimal Choice'!$B$4*AE600 -> 70340.4 | AM600: =S600*'Optimal Choice'!$B$9*AF600 -> 330000 | AN600: =T600*'Optimal Choice'!$B$14*AG600 -> 282240 | AO600: =U600*'Optimal Choice'!$B$19*AH600 -> 115200 | AP600: =V600*'Optimal Choice'!$B$24*AI600 -> 498960 | AS600: =if(isna(VLOOKUP(R600+1,$D$2:$I$10,2,false)),AS599, VLOOKUP(R600+1,$D$2:$I$10,2,false)) -> 180 | AT600: =if(isna(VLOOKUP(S600+1,$D$2:$I$10,3,false)),AT599, VLOOKUP(S600+1,$D$2:$I$10,3,false)) -> 150 | AU600: =if(isna(VLOOKUP(T600+1,$D$2:$I$10,4,false)),AU599, VLOOKUP(T600+1,$D$2:$I$10,4,false)) -> 32 | AV600: =if(isna(VLOOKUP(U600+1,$D$2:$I$10,5,false)),AV599, VLOOKUP(U600+1,$D$2:$I$10,5,false)) -> 4 | AW600: =if(isna(VLOOKUP(V600+1,$D$2:$I$10,6,false)),AW599, VLOOKUP(V600+1,$D$2:$I$10,6,false)) -> 3 | AY600: =A600-A599 -> 1.9600514
