Workbook

Sheet Derivative Growth
A1: This worksheet models the growth pattern of games like Derivative Clicker in which generators, instead of producing currency, produce lower tier generators (with the lowest one generating currency). This ends up functionally acting as a series of derivatives (witch each tier being the rate of change of the tier below it). The result at first looks like exponential growth, but eventually does get slower - you'll see in the log scale that it tapers off to be less than linear whereas exponential growth will be linear in log scale). If you had infinite tiers it would in fact become exactly exponential growth (for more explanation look up the Taylor series expansion of e^x and compare to integrals of y=1). The interesting thing about this is that it's a very different model of growth that has similar properties to what has become the nearly universal exponential growth model of costs. Playing around with the generator amounts and starting values you can get the counts of different tiers to vary relative to one another. This is however a very simple version of this type of growth. It's one that is used in TrueExponential, but Derivative Clicker adds in a combination of limiters and multipliers that gives a lot more variety to the progression.
A3: Starting Counts
A4: Tier 0 | B4: 100000
A5: Tier 1 | B5: 0
A6: Tier 2 | B6: 1000
A7: Tier 3 | B7: 0
A8: Tier 4 | B8: 1
A10: Tier 0 (currency generator)
A11: Base Income | B11: 5
A13: Tier 1 (first derivative)
A14: Tier 0 generation | B14: 0.1
A16: Tier 2 (second derivative)
A17: Tier 1 generation | B17: 10
A19: Tier 3 (third derivative)
A20: Tier 2 generation | B20: 3
A22: Tier 4 (fourth derivative)
A23: Tier 3 generation | B23: 1

Sheet Calc for Derivative Growth
A1: Time | B1: Income | C1: Tier 0 | D1: Tier 1 | E1: Tier 2 | F1: Tier 3 | G1: Tier 4
A2: 0 | B2: =C2*'Derivative Growth'!$B$11 -> 500000 | C2: ='Derivative Growth'!B4 -> 100000 | D2: ='Derivative Growth'!B5 -> 0 | E2: ='Derivative Growth'!B6 -> 1000 | F2: ='Derivative Growth'!B7 -> 0 | G2: ='Derivative Growth'!B8 -> 1
A3: 1 | B3: =C3*'Derivative Growth'!$B$11 -> 500000 | C3: =C2+D2*'Derivative Growth'!$B$14 -> 100000 | D3: =D2+E2*'Derivative Growth'!$B$17 -> 10000 | E3: =E2+F2*'Derivative Growth'!$B$20 -> 1000 | F3: =F2+G2*'Derivative Growth'!$B$23 -> 1 | G3: =G2 -> 1
A4: 2 | B4: =C4*'Derivative Growth'!$B$11 -> 505000 | C4: =C3+D3*'Derivative Growth'!$B$14 -> 101000 | D4: =D3+E3*'Derivative Growth'!$B$17 -> 20000 | E4: =E3+F3*'Derivative Growth'!$B$20 -> 1003 | F4: =F3+G3*'Derivative Growth'!$B$23 -> 2 | G4: =G3 -> 1
A5: 3 | B5: =C5*'Derivative Growth'!$B$11 -> 515000 | C5: =C4+D4*'Derivative Growth'!$B$14 -> 103000 | D5: =D4+E4*'Derivative Growth'!$B$17 -> 30030 | E5: =E4+F4*'Derivative Growth'!$B$20 -> 1009 | F5: =F4+G4*'Derivative Growth'!$B$23 -> 3 | G5: =G4 -> 1
A6: 4 | B6: =C6*'Derivative Growth'!$B$11 -> 530015 | C6: =C5+D5*'Derivative Growth'!$B$14 -> 106003 | D6: =D5+E5*'Derivative Growth'!$B$17 -> 40120 | E6: =E5+F5*'Derivative Growth'!$B$20 -> 1018 | F6: =F5+G5*'Derivative Growth'!$B$23 -> 4 | G6: =G5 -> 1
A7: 5 | B7: =C7*'Derivative Growth'!$B$11 -> 550075 | C7: =C6+D6*'Derivative Growth'!$B$14 -> 110015 | D7: =D6+E6*'Derivative Growth'!$B$17 -> 50300 | E7: =E6+F6*'Derivative Growth'!$B$20 -> 1030 | F7: =F6+G6*'Derivative Growth'!$B$23 -> 5 | G7: =G6 -> 1
A8: 6 | B8: =C8*'Derivative Growth'!$B$11 -> 575225 | C8: =C7+D7*'Derivative Growth'!$B$14 -> 115045 | D8: =D7+E7*'Derivative Growth'!$B$17 -> 60600 | E8: =E7+F7*'Derivative Growth'!$B$20 -> 1045 | F8: =F7+G7*'Derivative Growth'!$B$23 -> 6 | G8: =G7 -> 1
A9: 7 | B9: =C9*'Derivative Growth'!$B$11 -> 605525 | C9: =C8+D8*'Derivative Growth'!$B$14 -> 121105 | D9: =D8+E8*'Derivative Growth'!$B$17 -> 71050 | E9: =E8+F8*'Derivative Growth'!$B$20 -> 1063 | F9: =F8+G8*'Derivative Growth'!$B$23 -> 7 | G9: =G8 -> 1
A10: 8 | B10: =C10*'Derivative Growth'!$B$11 -> 641050 | C10: =C9+D9*'Derivative Growth'!$B$14 -> 128210 | D10: =D9+E9*'Derivative Growth'!$B$17 -> 81680 | E10: =E9+F9*'Derivative Growth'!$B$20 -> 1084 | F10: =F9+G9*'Derivative Growth'!$B$23 -> 8 | G10: =G9 -> 1
A11: 9 | B11: =C11*'Derivative Growth'!$B$11 -> 681890 | C11: =C10+D10*'Derivative Growth'!$B$14 -> 136378 | D11: =D10+E10*'Derivative Growth'!$B$17 -> 92520 | E11: =E10+F10*'Derivative Growth'!$B$20 -> 1108 | F11: =F10+G10*'Derivative Growth'!$B$23 -> 9 | G11: =G10 -> 1
A12: 10 | B12: =C12*'Derivative Growth'!$B$11 -> 728150 | C12: =C11+D11*'Derivative Growth'!$B$14 -> 145630 | D12: =D11+E11*'Derivative Growth'!$B$17 -> 103600 | E12: =E11+F11*'Derivative Growth'!$B$20 -> 1135 | F12: =F11+G11*'Derivative Growth'!$B$23 -> 10 | G12: =G11 -> 1
A13: 11 | B13: =C13*'Derivative Growth'!$B$11 -> 779950 | C13: =C12+D12*'Derivative Growth'!$B$14 -> 155990 | D13: =D12+E12*'Derivative Growth'!$B$17 -> 114950 | E13: =E12+F12*'Derivative Growth'!$B$20 -> 1165 | F13: =F12+G12*'Derivative Growth'!$B$23 -> 11 | G13: =G12 -> 1
A14: 12 | B14: =C14*'Derivative Growth'!$B$11 -> 837425 | C14: =C13+D13*'Derivative Growth'!$B$14 -> 167485 | D14: =D13+E13*'Derivative Growth'!$B$17 -> 126600 | E14: =E13+F13*'Derivative Growth'!$B$20 -> 1198 | F14: =F13+G13*'Derivative Growth'!$B$23 -> 12 | G14: =G13 -> 1
... A761: 759 | B761: =C761*'Derivative Growth'!$B$11 -> 207221416265 | C761: =C760+D760*'Derivative Growth'!$B$14 -> 41444283253 | D761: =D760+E760*'Derivative Growth'!$B$17 -> 2185183770 | E761: =E760+F760*'Derivative Growth'!$B$20 -> 863983 | F761: =F760+G760*'Derivative Growth'!$B$23 -> 759 | G761: =G760 -> 1
