Workbook

Sheet Exponential Item Growth
A1: This sheet provides a very simple model of growth for a generator. It uses a basic exponential growth formula with a linear value (i.e. income generation). It also allows you to give bonuses for owning a certain number of a generator, which allows you to temporarily bring the value of these generators back into the range of the cost. Finally, it has a very simple prestige model that allows you to see what the growth curve looks like with a few different multiplier estimates for prestige levels. Please read the cell comments (look for the yellow triangles) for more details and see the second sheet for the specific formulas.
A3: Core Stats
A4: Base Income | B4: 1.67
A5: Starting Cost | B5: 1
A6: Cost Mult Factor | B6: 1.06
A8: Ownership Multipliers
A9: Number | B9: Bonus (per milestone)
A10: 25 | B10: 2
A11: 50 | B11: 2
A12: 100 | B12: 2
A13: 200 | B13: 2
A14: 300 | B14: 2
A15: 400 | B15: 2
A16: 500 | B16: 2
A17: 600 | B17: 2
A18: 1000 | B18: 2
A20: Prestige Levels | B20: Bonus (total)
A21: 1 | B21: 5
A22: 2 | B22: 75
A23: 3 | B23: 1000

Sheet Calculations
A1: Number | B1: Cost | C1: Income | D1: Base Value | E1: Bonus Mult | F1: Prestige 1 | G1: Prestige 2 | H1: Prestige 3
A2: 1 | B2: ='Exponential Item Growth'!$B$5*'Exponential Item Growth'!$B$6^A2 -> 1.06 | C2: =E2*D2 -> 1.67 | D2: =A2*'Exponential Item Growth'!$B$4 -> 1.67 | E2: 1 | F2: =C2*'Exponential Item Growth'!$B$21 -> 8.35 | G2: ='Exponential Item Growth'!$B$22*C2 -> 125.25 | H2: ='Exponential Item Growth'!$B$23*C2 -> 1670
A3: 2 | B3: ='Exponential Item Growth'!$B$5*'Exponential Item Growth'!$B$6^A3 -> 1.1236 | C3: =E3*D3 -> 3.34 | D3: =A3*'Exponential Item Growth'!$B$4 -> 3.34 | E3: =IF(ISNA(VLOOKUP(A3,'Exponential Item Growth'!$A$10:$B$18,2,FALSE)),E2, E2*VLOOKUP(A3,'Exponential Item Growth'!$A$10:$B$18,2,FALSE)) -> 1 | F3: =C3*'Exponential Item Growth'!$B$21 -> 16.7 | G3: ='Exponential Item Growth'!$B$22*C3 -> 250.5 | H3: ='Exponential Item Growth'!$B$23*C3 -> 3340
A4: 3 | B4: ='Exponential Item Growth'!$B$5*'Exponential Item Growth'!$B$6^A4 -> 1.191016 | C4: =E4*D4 -> 5.01 | D4: =A4*'Exponential Item Growth'!$B$4 -> 5.01 | E4: =IF(ISNA(VLOOKUP(A4,'Exponential Item Growth'!$A$10:$B$18,2,FALSE)),E3, E3*VLOOKUP(A4,'Exponential Item Growth'!$A$10:$B$18,2,FALSE)) -> 1 | F4: =C4*'Exponential Item Growth'!$B$21 -> 25.05 | G4: ='Exponential Item Growth'!$B$22*C4 -> 375.75 | H4: ='Exponential Item Growth'!$B$23*C4 -> 5010
A5: 4 | B5: ='Exponential Item Growth'!$B$5*'Exponential Item Growth'!$B$6^A5 -> 1.262477 | C5: =E5*D5 -> 6.68 | D5: =A5*'Exponential Item Growth'!$B$4 -> 6.68 | E5: =IF(ISNA(VLOOKUP(A5,'Exponential Item Growth'!$A$10:$B$18,2,FALSE)),E4, E4*VLOOKUP(A5,'Exponential Item Growth'!$A$10:$B$18,2,FALSE)) -> 1 | F5: =C5*'Exponential Item Growth'!$B$21 -> 33.4 | G5: ='Exponential Item Growth'!$B$22*C5 -> 501 | H5: ='Exponential Item Growth'!$B$23*C5 -> 6680
A6: 5 | B6: ='Exponential Item Growth'!$B$5*'Exponential Item Growth'!$B$6^A6 -> 1.3382256 | C6: =E6*D6 -> 8.35 | D6: =A6*'Exponential Item Growth'!$B$4 -> 8.35 | E6: =IF(ISNA(VLOOKUP(A6,'Exponential Item Growth'!$A$10:$B$18,2,FALSE)),E5, E5*VLOOKUP(A6,'Exponential Item Growth'!$A$10:$B$18,2,FALSE)) -> 1 | F6: =C6*'Exponential Item Growth'!$B$21 -> 41.75 | G6: ='Exponential Item Growth'!$B$22*C6 -> 626.25 | H6: ='Exponential Item Growth'!$B$23*C6 -> 8350
A7: 6 | B7: ='Exponential Item Growth'!$B$5*'Exponential Item Growth'!$B$6^A7 -> 1.4185191 | C7: =E7*D7 -> 10.02 | D7: =A7*'Exponential Item Growth'!$B$4 -> 10.02 | E7: =IF(ISNA(VLOOKUP(A7,'Exponential Item Growth'!$A$10:$B$18,2,FALSE)),E6, E6*VLOOKUP(A7,'Exponential Item Growth'!$A$10:$B$18,2,FALSE)) -> 1 | F7: =C7*'Exponential Item Growth'!$B$21 -> 50.1 | G7: ='Exponential Item Growth'!$B$22*C7 -> 751.5 | H7: ='Exponential Item Growth'!$B$23*C7 -> 10020
A8: 7 | B8: ='Exponential Item Growth'!$B$5*'Exponential Item Growth'!$B$6^A8 -> 1.5036303 | C8: =E8*D8 -> 11.69 | D8: =A8*'Exponential Item Growth'!$B$4 -> 11.69 | E8: =IF(ISNA(VLOOKUP(A8,'Exponential Item Growth'!$A$10:$B$18,2,FALSE)),E7, E7*VLOOKUP(A8,'Exponential Item Growth'!$A$10:$B$18,2,FALSE)) -> 1 | F8: =C8*'Exponential Item Growth'!$B$21 -> 58.45 | G8: ='Exponential Item Growth'!$B$22*C8 -> 876.75 | H8: ='Exponential Item Growth'!$B$23*C8 -> 11690
A9: 8 | B9: ='Exponential Item Growth'!$B$5*'Exponential Item Growth'!$B$6^A9 -> 1.5938481 | C9: =E9*D9 -> 13.36 | D9: =A9*'Exponential Item Growth'!$B$4 -> 13.36 | E9: =IF(ISNA(VLOOKUP(A9,'Exponential Item Growth'!$A$10:$B$18,2,FALSE)),E8, E8*VLOOKUP(A9,'Exponential Item Growth'!$A$10:$B$18,2,FALSE)) -> 1 | F9: =C9*'Exponential Item Growth'!$B$21 -> 66.8 | G9: ='Exponential Item Growth'!$B$22*C9 -> 1002 | H9: ='Exponential Item Growth'!$B$23*C9 -> 13360
A10: 9 | B10: ='Exponential Item Growth'!$B$5*'Exponential Item Growth'!$B$6^A10 -> 1.689479 | C10: =E10*D10 -> 15.03 | D10: =A10*'Exponential Item Growth'!$B$4 -> 15.03 | E10: =IF(ISNA(VLOOKUP(A10,'Exponential Item Growth'!$A$10:$B$18,2,FALSE)),E9, E9*VLOOKUP(A10,'Exponential Item Growth'!$A$10:$B$18,2,FALSE)) -> 1 | F10: =C10*'Exponential Item Growth'!$B$21 -> 75.15 | G10: ='Exponential Item Growth'!$B$22*C10 -> 1127.25 | H10: ='Exponential Item Growth'!$B$23*C10 -> 15030
A11: 10 | B11: ='Exponential Item Growth'!$B$5*'Exponential Item Growth'!$B$6^A11 -> 1.7908477 | C11: =E11*D11 -> 16.7 | D11: =A11*'Exponential Item Growth'!$B$4 -> 16.7 | E11: =IF(ISNA(VLOOKUP(A11,'Exponential Item Growth'!$A$10:$B$18,2,FALSE)),E10, E10*VLOOKUP(A11,'Exponential Item Growth'!$A$10:$B$18,2,FALSE)) -> 1 | F11: =C11*'Exponential Item Growth'!$B$21 -> 83.5 | G11: ='Exponential Item Growth'!$B$22*C11 -> 1252.5 | H11: ='Exponential Item Growth'!$B$23*C11 -> 16700
A12: 11 | B12: ='Exponential Item Growth'!$B$5*'Exponential Item Growth'!$B$6^A12 -> 1.8982986 | C12: =E12*D12 -> 18.37 | D12: =A12*'Exponential Item Growth'!$B$4 -> 18.37 | E12: =IF(ISNA(VLOOKUP(A12,'Exponential Item Growth'!$A$10:$B$18,2,FALSE)),E11, E11*VLOOKUP(A12,'Exponential Item Growth'!$A$10:$B$18,2,FALSE)) -> 1 | F12: =C12*'Exponential Item Growth'!$B$21 -> 91.85 | G12: ='Exponential Item Growth'!$B$22*C12 -> 1377.75 | H12: ='Exponential Item Growth'!$B$23*C12 -> 18370
A13: 12 | B13: ='Exponential Item Growth'!$B$5*'Exponential Item Growth'!$B$6^A13 -> 2.0121965 | C13: =E13*D13 -> 20.04 | D13: =A13*'Exponential Item Growth'!$B$4 -> 20.04 | E13: =IF(ISNA(VLOOKUP(A13,'Exponential Item Growth'!$A$10:$B$18,2,FALSE)),E12, E12*VLOOKUP(A13,'Exponential Item Growth'!$A$10:$B$18,2,FALSE)) -> 1 | F13: =C13*'Exponential Item Growth'!$B$21 -> 100.2 | G13: ='Exponential Item Growth'!$B$22*C13 -> 1503 | H13: ='Exponential Item Growth'!$B$23*C13 -> 20040
A14: 13 | B14: ='Exponential Item Growth'!$B$5*'Exponential Item Growth'!$B$6^A14 -> 2.1329283 | C14: =E14*D14 -> 21.71 | D14: =A14*'Exponential Item Growth'!$B$4 -> 21.71 | E14: =IF(ISNA(VLOOKUP(A14,'Exponential Item Growth'!$A$10:$B$18,2,FALSE)),E13, E13*VLOOKUP(A14,'Exponential Item Growth'!$A$10:$B$18,2,FALSE)) -> 1 | F14: =C14*'Exponential Item Growth'!$B$21 -> 108.55 | G14: ='Exponential Item Growth'!$B$22*C14 -> 1628.25 | H14: ='Exponential Item Growth'!$B$23*C14 -> 21710
... A751: 750 | B751: ='Exponential Item Growth'!$B$5*'Exponential Item Growth'!$B$6^A751 -> 9.5367182e+18 | C751: =E751*D751 -> 320640 | D751: =A751*'Exponential Item Growth'!$B$4 -> 1252.5 | E751: =IF(ISNA(VLOOKUP(A751,'Exponential Item Growth'!$A$10:$B$18,2,FALSE)),E750, E750*VLOOKUP(A751,'Exponential Item Growth'!$A$10:$B$18,2,FALSE)) -> 256 | F751: =C751*'Exponential Item Growth'!$B$21 -> 1603200 | G751: ='Exponential Item Growth'!$B$22*C751 -> 24048000 | H751: ='Exponential Item Growth'!$B$23*C751 -> 320640000
