Workbook

Sheet Optimal Choice
A1: This sheet brings together two of the previous elements into a more complex model of growth. It uses the optimal purchase model but then combines that will ownership multipliers that impact the decisions. This is a purely greedy algorithm that looks only a single step ahead, so it'll prioritize a purchase that will trigger a bonus, but it won't look ahead to see if a bonus is near - thus this is near-optimal but not fully optimal. It also looks at income for each Generator type (showing the relative power / relevance at various points in the progression) and pulls out the time between optimal purchases (indicating how slow the game is getting). It assumes that the player starts with a single Generator 1 instance. In this case ownership multipliers are only global, which does limit your ability to balance the generators against one another. See sheet 1e for individual multipliers and a lot more control.
A3: Generator 1
A4: Base Income | B4: 1.67
A5: Starting Cost | B5: 4
A6: Cost Mult Factor | B6: 1.07
A8: Generator 2
A9: Base Income | B9: 20
A10: Starting Cost | B10: 60
A11: Cost Mult Factor | B11: 1.15
A13: Generator 3
A14: Base Income | B14: 90
A15: Starting Cost | B15: 720
A16: Cost Mult Factor | B16: 1.14
A18: Generator 4
A19: Base Income | B19: 360
A20: Starting Cost | B20: 8640
A21: Cost Mult Factor | B21: 1.13
A23: Generator 5
A24: Base Income | B24: 2160
A25: Starting Cost | B25: 103680
A26: Cost Mult Factor | B26: 1.12
A28: Global Multiplier | B28: 1
A30: Global Ownership Multipliers
A31: Number | B31: Bonus (not cumulative)
A32: 25 | B32: 5
A33: 50 | B33: 5
A34: 100 | B34: 2
A35: 200 | B35: 2
A36: 300 | B36: 3
A37: 400 | B37: 4
A38: 500 | B38: 2
A39: 600 | B39: 3
A40: 1000 | B40: 4

Sheet Calc for Optimal Choice
A1: Minutes | B1: Income / Sec | D1: Cumulative Multipliers | G1: Item 1 Score | H1: Item 2 Score | I1: Item 3 Score | J1: Item 4 Score | K1: Item 5 Score | M1: Counts | N1: Gen 1 | O1: Gen 2 | P1: Gen 3 | Q1: Gen 4 | R1: Gen 5 | T1: Item 1 Cost | U1: Item 2 Cost | V1: Item 3 Cost | W1: Item 4 Cost | X1: Item 5 Cost | Z1: Bonuses | AA1: Gen 1 | AB1: Gen 2 | AC1: Gen 3 | AD1: Gen 4 | AE1: Gen 5 | AG1: Total Production | AH1: Gen 1 | AI1: Gen 2 | AJ1: Gen 3 | AK1: Gen 4 | AL1: Gen 5 | AN1: N+1 bonus | AO1: Gen 1 | AP1: Gen 2 | AQ1: Gen 3 | AR1: Gen 4 | AS1: Gen 5 | AU1: Time Delta
A2: 0 | B2: =(sum(AH2:AL2))*'Optimal Choice'!$B$28 -> 1.67 | D2: ='Optimal Choice'!A32 -> 25 | E2: ='Optimal Choice'!B32 -> 5 | G2: =(T2/$B2)+(T2/('Optimal Choice'!$B$4*AO2)) -> 5.4845509 | H2: =(U2/$B2)+(U2/('Optimal Choice'!$B$9*AP2)) -> 44.767365 | I2: =(V2/$B2)+(V2/('Optimal Choice'!$B$14*AQ2)) -> 500.61701 | J2: =(W2/$B2)+(W2/('Optimal Choice'!$B$19*AR2)) -> 5873.3475 | K2: =(X2/$B2)+(X2/('Optimal Choice'!$B$24*AS2)) -> 69587.652 | N2: 1 | O2: 0 | P2: 0 | Q2: 0 | R2: 0 | T2: ='Optimal Choice'!$B$5*'Optimal Choice'!$B$6^(N2+1) -> 4.5796 | U2: ='Optimal Choice'!$B$10*'Optimal Choice'!$B$11^(O2+1) -> 69 | V2: ='Optimal Choice'!$B$15*'Optimal Choice'!$B$16^(P2+1) -> 820.8 | W2: ='Optimal Choice'!$B$20*'Optimal Choice'!$B$21^(Q2+1) -> 9763.2 | X2: ='Optimal Choice'!$B$25*'Optimal Choice'!$B$26^(R2+1) -> 116121.6 | AA2: 1 | AB2: 1 | AC2: 1 | AD2: 1 | AE2: 1 | AH2: =N2*'Optimal Choice'!$B$4*AA2 -> 1.67 | AI2: =O2*'Optimal Choice'!$B$9*AB2 -> 0 | AJ2: =P2*'Optimal Choice'!$B$14*AC2 -> 0 | AK2: =Q2*'Optimal Choice'!$B$19*AD2 -> 0 | AL2: =R2*'Optimal Choice'!$B$24*AE2 -> 0 | AO2: 1 | AP2: 1 | AQ2: 1 | AR2: 1 | AS2: 1 | AU2: 0
A3: =A2+(index(T2:X2,1,match(min(G2:K2),G2:K2,0))/B2)/60 -> 0.045704591 | B3: =(sum(AH3:AL3))*'Optimal Choice'!$B$28 -> 3.34 | D3: ='Optimal Choice'!A33 -> 50 | E3: =E2*'Optimal Choice'!B33 -> 25 | G3: =(T3/$B3)+(T3/('Optimal Choice'!$B$4*AO3)) -> 4.4013521 | H3: =(U3/$B3)+(U3/('Optimal Choice'!$B$9*AP3)) -> 24.108683 | I3: =(V3/$B3)+(V3/('Optimal Choice'!$B$14*AQ3)) -> 254.8685 | J3: =(W3/$B3)+(W3/('Optimal Choice'!$B$19*AR3)) -> 2950.2338 | K3: =(X3/$B3)+(X3/('Optimal Choice'!$B$24*AS3)) -> 34820.706 | N3: =if(min($G2:$K2)=G2,N2+1,N2) -> 2 | O3: =if(min($G2:$K2)=H2,O2+1,O2) -> 0 | P3: =if(min($G2:$K2)=I2,P2+1,P2) -> 0 | Q3: =if(min($G2:$K2)=J2,Q2+1,Q2) -> 0 | R3: =if(min($G2:$K2)=K2,R2+1,R2) -> 0 | T3: ='Optimal Choice'!$B$5*'Optimal Choice'!$B$6^(N3+1) -> 4.900172 | U3: ='Optimal Choice'!$B$10*'Optimal Choice'!$B$11^(O3+1) -> 69 | V3: ='Optimal Choice'!$B$15*'Optimal Choice'!$B$16^(P3+1) -> 820.8 | W3: ='Optimal Choice'!$B$20*'Optimal Choice'!$B$21^(Q3+1) -> 9763.2 | X3: ='Optimal Choice'!$B$25*'Optimal Choice'!$B$26^(R3+1) -> 116121.6 | AA3: =if(isna(VLOOKUP(N3,$D$2:$E$10,2,false)),AA2, VLOOKUP(N3,$D$2:$E$10,2,false)) -> 1 | AB3: =if(isna(VLOOKUP(O3,$D$2:$E$10,2,false)),AB2, VLOOKUP(O3,$D$2:$E$10,2,false)) -> 1 | AC3: =if(isna(VLOOKUP(P3,$D$2:$E$10,2,false)),AC2, VLOOKUP(P3,$D$2:$E$10,2,false)) -> 1 | AD3: =if(isna(VLOOKUP(Q3,$D$2:$E$10,2,false)),AD2, VLOOKUP(Q3,$D$2:$E$10,2,false)) -> 1 | AE3: =if(isna(VLOOKUP(R3,$D$2:$E$10,2,false)),AE2, VLOOKUP(R3,$D$2:$E$10,2,false)) -> 1 | AH3: =N3*'Optimal Choice'!$B$4*AA3 -> 3.34 | AI3: =O3*'Optimal Choice'!$B$9*AB3 -> 0 | AJ3: =P3*'Optimal Choice'!$B$14*AC3 -> 0 | AK3: =Q3*'Optimal Choice'!$B$19*AD3 -> 0 | AL3: =R3*'Optimal Choice'!$B$24*AE3 -> 0 | AO3: =if(isna(VLOOKUP(N3+1,$D$2:$E$10,2,false)),AO2, VLOOKUP(N3+1,$D$2:$E$10,2,false)) -> 1 | AP3: =if(isna(VLOOKUP(O3+1,$D$2:$E$10,2,false)),AP2, VLOOKUP(O3+1,$D$2:$E$10,2,false)) -> 1 | AQ3: =if(isna(VLOOKUP(P3+1,$D$2:$E$10,2,false)),AQ2, VLOOKUP(P3+1,$D$2:$E$10,2,false)) -> 1 | AR3: =if(isna(VLOOKUP(Q3+1,$D$2:$E$10,2,false)),AR2, VLOOKUP(Q3+1,$D$2:$E$10,2,false)) -> 1 | AS3: =if(isna(VLOOKUP(R3+1,$D$2:$E$10,2,false)),AS2, VLOOKUP(R3+1,$D$2:$E$10,2,false)) -> 1 | AU3: =A3-A2 -> 0.045704591
A4: =A3+(index(T3:X3,1,match(min(G3:K3),G3:K3,0))/B3)/60 -> 0.070156547 | B4: =(sum(AH4:AL4))*'Optimal Choice'!$B$28 -> 5.01 | D4: ='Optimal Choice'!A34 -> 100 | E4: =E3*'Optimal Choice'!B34 -> 50 | G4: =(T4/$B4)+(T4/('Optimal Choice'!$B$4*AO4)) -> 4.1861749 | H4: =(U4/$B4)+(U4/('Optimal Choice'!$B$9*AP4)) -> 17.222455 | I4: =(V4/$B4)+(V4/('Optimal Choice'!$B$14*AQ4)) -> 172.95234 | J4: =(W4/$B4)+(W4/('Optimal Choice'!$B$19*AR4)) -> 1975.8625 | K4: =(X4/$B4)+(X4/('Optimal Choice'!$B$24*AS4)) -> 23231.724 | N4: =if(min($G3:$K3)=G3,N3+1,N3) -> 3 | O4: =if(min($G3:$K3)=H3,O3+1,O3) -> 0 | P4: =if(min($G3:$K3)=I3,P3+1,P3) -> 0 | Q4: =if(min($G3:$K3)=J3,Q3+1,Q3) -> 0 | R4: =if(min($G3:$K3)=K3,R3+1,R3) -> 0 | T4: ='Optimal Choice'!$B$5*'Optimal Choice'!$B$6^(N4+1) -> 5.243184 | U4: ='Optimal Choice'!$B$10*'Optimal Choice'!$B$11^(O4+1) -> 69 | V4: ='Optimal Choice'!$B$15*'Optimal Choice'!$B$16^(P4+1) -> 820.8 | W4: ='Optimal Choice'!$B$20*'Optimal Choice'!$B$21^(Q4+1) -> 9763.2 | X4: ='Optimal Choice'!$B$25*'Optimal Choice'!$B$26^(R4+1) -> 116121.6 | AA4: =if(isna(VLOOKUP(N4,$D$2:$E$10,2,false)),AA3, VLOOKUP(N4,$D$2:$E$10,2,false)) -> 1 | AB4: =if(isna(VLOOKUP(O4,$D$2:$E$10,2,false)),AB3, VLOOKUP(O4,$D$2:$E$10,2,false)) -> 1 | AC4: =if(isna(VLOOKUP(P4,$D$2:$E$10,2,false)),AC3, VLOOKUP(P4,$D$2:$E$10,2,false)) -> 1 | AD4: =if(isna(VLOOKUP(Q4,$D$2:$E$10,2,false)),AD3, VLOOKUP(Q4,$D$2:$E$10,2,false)) -> 1 | AE4: =if(isna(VLOOKUP(R4,$D$2:$E$10,2,false)),AE3, VLOOKUP(R4,$D$2:$E$10,2,false)) -> 1 | AH4: =N4*'Optimal Choice'!$B$4*AA4 -> 5.01 | AI4: =O4*'Optimal Choice'!$B$9*AB4 -> 0 | AJ4: =P4*'Optimal Choice'!$B$14*AC4 -> 0 | AK4: =Q4*'Optimal Choice'!$B$19*AD4 -> 0 | AL4: =R4*'Optimal Choice'!$B$24*AE4 -> 0 | AO4: =if(isna(VLOOKUP(N4+1,$D$2:$E$10,2,false)),AO3, VLOOKUP(N4+1,$D$2:$E$10,2,false)) -> 1 | AP4: =if(isna(VLOOKUP(O4+1,$D$2:$E$10,2,false)),AP3, VLOOKUP(O4+1,$D$2:$E$10,2,false)) -> 1 | AQ4: =if(isna(VLOOKUP(P4+1,$D$2:$E$10,2,false)),AQ3, VLOOKUP(P4+1,$D$2:$E$10,2,false)) -> 1 | AR4: =if(isna(VLOOKUP(Q4+1,$D$2:$E$10,2,false)),AR3, VLOOKUP(Q4+1,$D$2:$E$10,2,false)) -> 1 | AS4: =if(isna(VLOOKUP(R4+1,$D$2:$E$10,2,false)),AS3, VLOOKUP(R4+1,$D$2:$E$10,2,false)) -> 1 | AU4: =A4-A3 -> 0.024451956
A5: =A4+(index(T4:X4,1,match(min(G4:K4),G4:K4,0))/B4)/60 -> 0.087598942 | B5: =(sum(AH5:AL5))*'Optimal Choice'!$B$28 -> 6.68 | D5: ='Optimal Choice'!A35 -> 200 | E5: =E4*'Optimal Choice'!B35 -> 100 | G5: =(T5/$B5)+(T5/('Optimal Choice'!$B$4*AO5)) -> 4.1992567 | H5: =(U5/$B5)+(U5/('Optimal Choice'!$B$9*AP5)) -> 13.779341 | I5: =(V5/$B5)+(V5/('Optimal Choice'!$B$14*AQ5)) -> 131.99425 | J5: =(W5/$B5)+(W5/('Optimal Choice'!$B$19*AR5)) -> 1488.6769 | K5: =(X5/$B5)+(X5/('Optimal Choice'!$B$24*AS5)) -> 17437.233 | N5: =if(min($G4:$K4)=G4,N4+1,N4) -> 4 | O5: =if(min($G4:$K4)=H4,O4+1,O4) -> 0 | P5: =if(min($G4:$K4)=I4,P4+1,P4) -> 0 | Q5: =if(min($G4:$K4)=J4,Q4+1,Q4) -> 0 | R5: =if(min($G4:$K4)=K4,R4+1,R4) -> 0 | T5: ='Optimal Choice'!$B$5*'Optimal Choice'!$B$6^(N5+1) -> 5.6102069 | U5: ='Optimal Choice'!$B$10*'Optimal Choice'!$B$11^(O5+1) -> 69 | V5: ='Optimal Choice'!$B$15*'Optimal Choice'!$B$16^(P5+1) -> 820.8 | W5: ='Optimal Choice'!$B$20*'Optimal Choice'!$B$21^(Q5+1) -> 9763.2 | X5: ='Optimal Choice'!$B$25*'Optimal Choice'!$B$26^(R5+1) -> 116121.6 | AA5: =if(isna(VLOOKUP(N5,$D$2:$E$10,2,false)),AA4, VLOOKUP(N5,$D$2:$E$10,2,false)) -> 1 | AB5: =if(isna(VLOOKUP(O5,$D$2:$E$10,2,false)),AB4, VLOOKUP(O5,$D$2:$E$10,2,false)) -> 1 | AC5: =if(isna(VLOOKUP(P5,$D$2:$E$10,2,false)),AC4, VLOOKUP(P5,$D$2:$E$10,2,false)) -> 1 | AD5: =if(isna(VLOOKUP(Q5,$D$2:$E$10,2,false)),AD4, VLOOKUP(Q5,$D$2:$E$10,2,false)) -> 1 | AE5: =if(isna(VLOOKUP(R5,$D$2:$E$10,2,false)),AE4, VLOOKUP(R5,$D$2:$E$10,2,false)) -> 1 | AH5: =N5*'Optimal Choice'!$B$4*AA5 -> 6.68 | AI5: =O5*'Optimal Choice'!$B$9*AB5 -> 0 | AJ5: =P5*'Optimal Choice'!$B$14*AC5 -> 0 | AK5: =Q5*'Optimal Choice'!$B$19*AD5 -> 0 | AL5: =R5*'Optimal Choice'!$B$24*AE5 -> 0 | AO5: =if(isna(VLOOKUP(N5+1,$D$2:$E$10,2,false)),AO4, VLOOKUP(N5+1,$D$2:$E$10,2,false)) -> 1 | AP5: =if(isna(VLOOKUP(O5+1,$D$2:$E$10,2,false)),AP4, VLOOKUP(O5+1,$D$2:$E$10,2,false)) -> 1 | AQ5: =if(isna(VLOOKUP(P5+1,$D$2:$E$10,2,false)),AQ4, VLOOKUP(P5+1,$D$2:$E$10,2,false)) -> 1 | AR5: =if(isna(VLOOKUP(Q5+1,$D$2:$E$10,2,false)),AR4, VLOOKUP(Q5+1,$D$2:$E$10,2,false)) -> 1 | AS5: =if(isna(VLOOKUP(R5+1,$D$2:$E$10,2,false)),AS4, VLOOKUP(R5+1,$D$2:$E$10,2,false)) -> 1 | AU5: =A5-A4 -> 0.017442395
A6: =A5+(index(T5:X5,1,match(min(G5:K5),G5:K5,0))/B5)/60 -> 0.10159646 | B6: =(sum(AH6:AL6))*'Optimal Choice'!$B$28 -> 8.35 | D6: ='Optimal Choice'!A36 -> 300 | E6: =E5*'Optimal Choice'!B36 -> 300 | G6: =(T6/$B6)+(T6/('Optimal Choice'!$B$4*AO6)) -> 4.3134765 | H6: =(U6/$B6)+(U6/('Optimal Choice'!$B$9*AP6)) -> 11.713473 | I6: =(V6/$B6)+(V6/('Optimal Choice'!$B$14*AQ6)) -> 107.4194 | J6: =(W6/$B6)+(W6/('Optimal Choice'!$B$19*AR6)) -> 1196.3655 | K6: =(X6/$B6)+(X6/('Optimal Choice'!$B$24*AS6)) -> 13960.538 | N6: =if(min($G5:$K5)=G5,N5+1,N5) -> 5 | O6: =if(min($G5:$K5)=H5,O5+1,O5) -> 0 | P6: =if(min($G5:$K5)=I5,P5+1,P5) -> 0 | Q6: =if(min($G5:$K5)=J5,Q5+1,Q5) -> 0 | R6: =if(min($G5:$K5)=K5,R5+1,R5) -> 0 | T6: ='Optimal Choice'!$B$5*'Optimal Choice'!$B$6^(N6+1) -> 6.0029214 | U6: ='Optimal Choice'!$B$10*'Optimal Choice'!$B$11^(O6+1) -> 69 | V6: ='Optimal Choice'!$B$15*'Optimal Choice'!$B$16^(P6+1) -> 820.8 | W6: ='Optimal Choice'!$B$20*'Optimal Choice'!$B$21^(Q6+1) -> 9763.2 | X6: ='Optimal Choice'!$B$25*'Optimal Choice'!$B$26^(R6+1) -> 116121.6 | AA6: =if(isna(VLOOKUP(N6,$D$2:$E$10,2,false)),AA5, VLOOKUP(N6,$D$2:$E$10,2,false)) -> 1 | AB6: =if(isna(VLOOKUP(O6,$D$2:$E$10,2,false)),AB5, VLOOKUP(O6,$D$2:$E$10,2,false)) -> 1 | AC6: =if(isna(VLOOKUP(P6,$D$2:$E$10,2,false)),AC5, VLOOKUP(P6,$D$2:$E$10,2,false)) -> 1 | AD6: =if(isna(VLOOKUP(Q6,$D$2:$E$10,2,false)),AD5, VLOOKUP(Q6,$D$2:$E$10,2,false)) -> 1 | AE6: =if(isna(VLOOKUP(R6,$D$2:$E$10,2,false)),AE5, VLOOKUP(R6,$D$2:$E$10,2,false)) -> 1 | AH6: =N6*'Optimal Choice'!$B$4*AA6 -> 8.35 | AI6: =O6*'Optimal Choice'!$B$9*AB6 -> 0 | AJ6: =P6*'Optimal Choice'!$B$14*AC6 -> 0 | AK6: =Q6*'Optimal Choice'!$B$19*AD6 -> 0 | AL6: =R6*'Optimal Choice'!$B$24*AE6 -> 0 | AO6: =if(isna(VLOOKUP(N6+1,$D$2:$E$10,2,false)),AO5, VLOOKUP(N6+1,$D$2:$E$10,2,false)) -> 1 | AP6: =if(isna(VLOOKUP(O6+1,$D$2:$E$10,2,false)),AP5, VLOOKUP(O6+1,$D$2:$E$10,2,false)) -> 1 | AQ6: =if(isna(VLOOKUP(P6+1,$D$2:$E$10,2,false)),AQ5, VLOOKUP(P6+1,$D$2:$E$10,2,false)) -> 1 | AR6: =if(isna(VLOOKUP(Q6+1,$D$2:$E$10,2,false)),AR5, VLOOKUP(Q6+1,$D$2:$E$10,2,false)) -> 1 | AS6: =if(isna(VLOOKUP(R6+1,$D$2:$E$10,2,false)),AS5, VLOOKUP(R6+1,$D$2:$E$10,2,false)) -> 1 | AU6: =A6-A5 -> 0.013997522
A7: =A6+(index(T6:X6,1,match(min(G6:K6),G6:K6,0))/B6)/60 -> 0.11357834 | B7: =(sum(AH7:AL7))*'Optimal Choice'!$B$28 -> 10.02 | D7: ='Optimal Choice'!A37 -> 400 | E7: =E6*'Optimal Choice'!B37 -> 1200 | G7: =(T7/$B7)+(T7/('Optimal Choice'!$B$4*AO7)) -> 4.4872137 | H7: =(U7/$B7)+(U7/('Optimal Choice'!$B$9*AP7)) -> 10.336228 | I7: =(V7/$B7)+(V7/('Optimal Choice'!$B$14*AQ7)) -> 91.036168 | J7: =(W7/$B7)+(W7/('Optimal Choice'!$B$19*AR7)) -> 1001.4913 | K7: =(X7/$B7)+(X7/('Optimal Choice'!$B$24*AS7)) -> 11642.742 | N7: =if(min($G6:$K6)=G6,N6+1,N6) -> 6 | O7: =if(min($G6:$K6)=H6,O6+1,O6) -> 0 | P7: =if(min($G6:$K6)=I6,P6+1,P6) -> 0 | Q7: =if(min($G6:$K6)=J6,Q6+1,Q6) -> 0 | R7: =if(min($G6:$K6)=K6,R6+1,R6) -> 0 | T7: ='Optimal Choice'!$B$5*'Optimal Choice'!$B$6^(N7+1) -> 6.4231259 | U7: ='Optimal Choice'!$B$10*'Optimal Choice'!$B$11^(O7+1) -> 69 | V7: ='Optimal Choice'!$B$15*'Optimal Choice'!$B$16^(P7+1) -> 820.8 | W7: ='Optimal Choice'!$B$20*'Optimal Choice'!$B$21^(Q7+1) -> 9763.2 | X7: ='Optimal Choice'!$B$25*'Optimal Choice'!$B$26^(R7+1) -> 116121.6 | AA7: =if(isna(VLOOKUP(N7,$D$2:$E$10,2,false)),AA6, VLOOKUP(N7,$D$2:$E$10,2,false)) -> 1 | AB7: =if(isna(VLOOKUP(O7,$D$2:$E$10,2,false)),AB6, VLOOKUP(O7,$D$2:$E$10,2,false)) -> 1 | AC7: =if(isna(VLOOKUP(P7,$D$2:$E$10,2,false)),AC6, VLOOKUP(P7,$D$2:$E$10,2,false)) -> 1 | AD7: =if(isna(VLOOKUP(Q7,$D$2:$E$10,2,false)),AD6, VLOOKUP(Q7,$D$2:$E$10,2,false)) -> 1 | AE7: =if(isna(VLOOKUP(R7,$D$2:$E$10,2,false)),AE6, VLOOKUP(R7,$D$2:$E$10,2,false)) -> 1 | AH7: =N7*'Optimal Choice'!$B$4*AA7 -> 10.02 | AI7: =O7*'Optimal Choice'!$B$9*AB7 -> 0 | AJ7: =P7*'Optimal Choice'!$B$14*AC7 -> 0 | AK7: =Q7*'Optimal Choice'!$B$19*AD7 -> 0 | AL7: =R7*'Optimal Choice'!$B$24*AE7 -> 0 | AO7: =if(isna(VLOOKUP(N7+1,$D$2:$E$10,2,false)),AO6, VLOOKUP(N7+1,$D$2:$E$10,2,false)) -> 1 | AP7: =if(isna(VLOOKUP(O7+1,$D$2:$E$10,2,false)),AP6, VLOOKUP(O7+1,$D$2:$E$10,2,false)) -> 1 | AQ7: =if(isna(VLOOKUP(P7+1,$D$2:$E$10,2,false)),AQ6, VLOOKUP(P7+1,$D$2:$E$10,2,false)) -> 1 | AR7: =if(isna(VLOOKUP(Q7+1,$D$2:$E$10,2,false)),AR6, VLOOKUP(Q7+1,$D$2:$E$10,2,false)) -> 1 | AS7: =if(isna(VLOOKUP(R7+1,$D$2:$E$10,2,false)),AS6, VLOOKUP(R7+1,$D$2:$E$10,2,false)) -> 1 | AU7: =A7-A6 -> 0.011981879
A8: =A7+(index(T7:X7,1,match(min(G7:K7),G7:K7,0))/B7)/60 -> 0.12426219 | B8: =(sum(AH8:AL8))*'Optimal Choice'!$B$28 -> 11.69 | D8: ='Optimal Choice'!A38 -> 500 | E8: =E7*'Optimal Choice'!B38 -> 2400 | G8: =(T8/$B8)+(T8/('Optimal Choice'!$B$4*AO8)) -> 4.7033326 | H8: =(U8/$B8)+(U8/('Optimal Choice'!$B$9*AP8)) -> 9.3524808 | I8: =(V8/$B8)+(V8/('Optimal Choice'!$B$14*AQ8)) -> 79.333858 | J8: =(W8/$B8)+(W8/('Optimal Choice'!$B$19*AR8)) -> 862.29536 | K8: =(X8/$B8)+(X8/('Optimal Choice'!$B$24*AS8)) -> 9987.1732 | N8: =if(min($G7:$K7)=G7,N7+1,N7) -> 7 | O8: =if(min($G7:$K7)=H7,O7+1,O7) -> 0 | P8: =if(min($G7:$K7)=I7,P7+1,P7) -> 0 | Q8: =if(min($G7:$K7)=J7,Q7+1,Q7) -> 0 | R8: =if(min($G7:$K7)=K7,R7+1,R7) -> 0 | T8: ='Optimal Choice'!$B$5*'Optimal Choice'!$B$6^(N8+1) -> 6.8727447 | U8: ='Optimal Choice'!$B$10*'Optimal Choice'!$B$11^(O8+1) -> 69 | V8: ='Optimal Choice'!$B$15*'Optimal Choice'!$B$16^(P8+1) -> 820.8 | W8: ='Optimal Choice'!$B$20*'Optimal Choice'!$B$21^(Q8+1) -> 9763.2 | X8: ='Optimal Choice'!$B$25*'Optimal Choice'!$B$26^(R8+1) -> 116121.6 | AA8: =if(isna(VLOOKUP(N8,$D$2:$E$10,2,false)),AA7, VLOOKUP(N8,$D$2:$E$10,2,false)) -> 1 | AB8: =if(isna(VLOOKUP(O8,$D$2:$E$10,2,false)),AB7, VLOOKUP(O8,$D$2:$E$10,2,false)) -> 1 | AC8: =if(isna(VLOOKUP(P8,$D$2:$E$10,2,false)),AC7, VLOOKUP(P8,$D$2:$E$10,2,false)) -> 1 | AD8: =if(isna(VLOOKUP(Q8,$D$2:$E$10,2,false)),AD7, VLOOKUP(Q8,$D$2:$E$10,2,false)) -> 1 | AE8: =if(isna(VLOOKUP(R8,$D$2:$E$10,2,false)),AE7, VLOOKUP(R8,$D$2:$E$10,2,false)) -> 1 | AH8: =N8*'Optimal Choice'!$B$4*AA8 -> 11.69 | AI8: =O8*'Optimal Choice'!$B$9*AB8 -> 0 | AJ8: =P8*'Optimal Choice'!$B$14*AC8 -> 0 | AK8: =Q8*'Optimal Choice'!$B$19*AD8 -> 0 | AL8: =R8*'Optimal Choice'!$B$24*AE8 -> 0 | AO8: =if(isna(VLOOKUP(N8+1,$D$2:$E$10,2,false)),AO7, VLOOKUP(N8+1,$D$2:$E$10,2,false)) -> 1 | AP8: =if(isna(VLOOKUP(O8+1,$D$2:$E$10,2,false)),AP7, VLOOKUP(O8+1,$D$2:$E$10,2,false)) -> 1 | AQ8: =if(isna(VLOOKUP(P8+1,$D$2:$E$10,2,false)),AQ7, VLOOKUP(P8+1,$D$2:$E$10,2,false)) -> 1 | AR8: =if(isna(VLOOKUP(Q8+1,$D$2:$E$10,2,false)),AR7, VLOOKUP(Q8+1,$D$2:$E$10,2,false)) -> 1 | AS8: =if(isna(VLOOKUP(R8+1,$D$2:$E$10,2,false)),AS7, VLOOKUP(R8+1,$D$2:$E$10,2,false)) -> 1 | AU8: =A8-A7 -> 0.010683842
A9: =A8+(index(T8:X8,1,match(min(G8:K8),G8:K8,0))/B8)/60 -> 0.1340608 | B9: =(sum(AH9:AL9))*'Optimal Choice'!$B$28 -> 13.36 | D9: ='Optimal Choice'!A39 -> 600 | E9: =E8*'Optimal Choice'!B39 -> 7200 | G9: =(T9/$B9)+(T9/('Optimal Choice'!$B$4*AO9)) -> 4.953932 | H9: =(U9/$B9)+(U9/('Optimal Choice'!$B$9*AP9)) -> 8.6146707 | I9: =(V9/$B9)+(V9/('Optimal Choice'!$B$14*AQ9)) -> 70.557126 | J9: =(W9/$B9)+(W9/('Optimal Choice'!$B$19*AR9)) -> 757.89844 | K9: =(X9/$B9)+(X9/('Optimal Choice'!$B$24*AS9)) -> 8745.4965 | N9: =if(min($G8:$K8)=G8,N8+1,N8) -> 8 | O9: =if(min($G8:$K8)=H8,O8+1,O8) -> 0 | P9: =if(min($G8:$K8)=I8,P8+1,P8) -> 0 | Q9: =if(min($G8:$K8)=J8,Q8+1,Q8) -> 0 | R9: =if(min($G8:$K8)=K8,R8+1,R8) -> 0 | T9: ='Optimal Choice'!$B$5*'Optimal Choice'!$B$6^(N9+1) -> 7.3538369 | U9: ='Optimal Choice'!$B$10*'Optimal Choice'!$B$11^(O9+1) -> 69 | V9: ='Optimal Choice'!$B$15*'Optimal Choice'!$B$16^(P9+1) -> 820.8 | W9: ='Optimal Choice'!$B$20*'Optimal Choice'!$B$21^(Q9+1) -> 9763.2 | X9: ='Optimal Choice'!$B$25*'Optimal Choice'!$B$26^(R9+1) -> 116121.6 | AA9: =if(isna(VLOOKUP(N9,$D$2:$E$10,2,false)),AA8, VLOOKUP(N9,$D$2:$E$10,2,false)) -> 1 | AB9: =if(isna(VLOOKUP(O9,$D$2:$E$10,2,false)),AB8, VLOOKUP(O9,$D$2:$E$10,2,false)) -> 1 | AC9: =if(isna(VLOOKUP(P9,$D$2:$E$10,2,false)),AC8, VLOOKUP(P9,$D$2:$E$10,2,false)) -> 1 | AD9: =if(isna(VLOOKUP(Q9,$D$2:$E$10,2,false)),AD8, VLOOKUP(Q9,$D$2:$E$10,2,false)) -> 1 | AE9: =if(isna(VLOOKUP(R9,$D$2:$E$10,2,false)),AE8, VLOOKUP(R9,$D$2:$E$10,2,false)) -> 1 | AH9: =N9*'Optimal Choice'!$B$4*AA9 -> 13.36 | AI9: =O9*'Optimal Choice'!$B$9*AB9 -> 0 | AJ9: =P9*'Optimal Choice'!$B$14*AC9 -> 0 | AK9: =Q9*'Optimal Choice'!$B$19*AD9 -> 0 | AL9: =R9*'Optimal Choice'!$B$24*AE9 -> 0 | AO9: =if(isna(VLOOKUP(N9+1,$D$2:$E$10,2,false)),AO8, VLOOKUP(N9+1,$D$2:$E$10,2,false)) -> 1 | AP9: =if(isna(VLOOKUP(O9+1,$D$2:$E$10,2,false)),AP8, VLOOKUP(O9+1,$D$2:$E$10,2,false)) -> 1 | AQ9: =if(isna(VLOOKUP(P9+1,$D$2:$E$10,2,false)),AQ8, VLOOKUP(P9+1,$D$2:$E$10,2,false)) -> 1 | AR9: =if(isna(VLOOKUP(Q9+1,$D$2:$E$10,2,false)),AR8, VLOOKUP(Q9+1,$D$2:$E$10,2,false)) -> 1 | AS9: =if(isna(VLOOKUP(R9+1,$D$2:$E$10,2,false)),AS8, VLOOKUP(R9+1,$D$2:$E$10,2,false)) -> 1 | AU9: =A9-A8 -> 0.0097986095
A10: =A9+(index(T9:X9,1,match(min(G9:K9),G9:K9,0))/B9)/60 -> 0.14323474 | B10: =(sum(AH10:AL10))*'Optimal Choice'!$B$28 -> 15.03 | D10: ='Optimal Choice'!A40 -> 1000 | E10: =E9*'Optimal Choice'!B40 -> 28800 | G10: =(T10/$B10)+(T10/('Optimal Choice'!$B$4*AO10)) -> 5.2352664 | H10: =(U10/$B10)+(U10/('Optimal Choice'!$B$9*AP10)) -> 8.0408184 | I10: =(V10/$B10)+(V10/('Optimal Choice'!$B$14*AQ10)) -> 63.730778 | J10: =(W10/$B10)+(W10/('Optimal Choice'!$B$19*AR10)) -> 676.70084 | K10: =(X10/$B10)+(X10/('Optimal Choice'!$B$24*AS10)) -> 7779.748 | N10: =if(min($G9:$K9)=G9,N9+1,N9) -> 9 | O10: =if(min($G9:$K9)=H9,O9+1,O9) -> 0 | P10: =if(min($G9:$K9)=I9,P9+1,P9) -> 0 | Q10: =if(min($G9:$K9)=J9,Q9+1,Q9) -> 0 | R10: =if(min($G9:$K9)=K9,R9+1,R9) -> 0 | T10: ='Optimal Choice'!$B$5*'Optimal Choice'!$B$6^(N10+1) -> 7.8686054 | U10: ='Optimal Choice'!$B$10*'Optimal Choice'!$B$11^(O10+1) -> 69 | V10: ='Optimal Choice'!$B$15*'Optimal Choice'!$B$16^(P10+1) -> 820.8 | W10: ='Optimal Choice'!$B$20*'Optimal Choice'!$B$21^(Q10+1) -> 9763.2 | X10: ='Optimal Choice'!$B$25*'Optimal Choice'!$B$26^(R10+1) -> 116121.6 | AA10: =if(isna(VLOOKUP(N10,$D$2:$E$10,2,false)),AA9, VLOOKUP(N10,$D$2:$E$10,2,false)) -> 1 | AB10: =if(isna(VLOOKUP(O10,$D$2:$E$10,2,false)),AB9, VLOOKUP(O10,$D$2:$E$10,2,false)) -> 1 | AC10: =if(isna(VLOOKUP(P10,$D$2:$E$10,2,false)),AC9, VLOOKUP(P10,$D$2:$E$10,2,false)) -> 1 | AD10: =if(isna(VLOOKUP(Q10,$D$2:$E$10,2,false)),AD9, VLOOKUP(Q10,$D$2:$E$10,2,false)) -> 1 | AE10: =if(isna(VLOOKUP(R10,$D$2:$E$10,2,false)),AE9, VLOOKUP(R10,$D$2:$E$10,2,false)) -> 1 | AH10: =N10*'Optimal Choice'!$B$4*AA10 -> 15.03 | AI10: =O10*'Optimal Choice'!$B$9*AB10 -> 0 | AJ10: =P10*'Optimal Choice'!$B$14*AC10 -> 0 | AK10: =Q10*'Optimal Choice'!$B$19*AD10 -> 0 | AL10: =R10*'Optimal Choice'!$B$24*AE10 -> 0 | AO10: =if(isna(VLOOKUP(N10+1,$D$2:$E$10,2,false)),AO9, VLOOKUP(N10+1,$D$2:$E$10,2,false)) -> 1 | AP10: =if(isna(VLOOKUP(O10+1,$D$2:$E$10,2,false)),AP9, VLOOKUP(O10+1,$D$2:$E$10,2,false)) -> 1 | AQ10: =if(isna(VLOOKUP(P10+1,$D$2:$E$10,2,false)),AQ9, VLOOKUP(P10+1,$D$2:$E$10,2,false)) -> 1 | AR10: =if(isna(VLOOKUP(Q10+1,$D$2:$E$10,2,false)),AR9, VLOOKUP(Q10+1,$D$2:$E$10,2,false)) -> 1 | AS10: =if(isna(VLOOKUP(R10+1,$D$2:$E$10,2,false)),AS9, VLOOKUP(R10+1,$D$2:$E$10,2,false)) -> 1 | AU10: =A10-A9 -> 0.0091739482
A11: =A10+(index(T10:X10,1,match(min(G10:K10),G10:K10,0))/B10)/60 -> 0.15196019 | B11: =(sum(AH11:AL11))*'Optimal Choice'!$B$28 -> 16.7 | D11: ='Optimal Choice'!A41 | G11: =(T11/$B11)+(T11/('Optimal Choice'!$B$4*AO11)) -> 5.5457177 | H11: =(U11/$B11)+(U11/('Optimal Choice'!$B$9*AP11)) -> 7.5817365 | I11: =(V11/$B11)+(V11/('Optimal Choice'!$B$14*AQ11)) -> 58.269701 | J11: =(W11/$B11)+(W11/('Optimal Choice'!$B$19*AR11)) -> 611.74275 | K11: =(X11/$B11)+(X11/('Optimal Choice'!$B$24*AS11)) -> 7007.1492 | N11: =if(min($G10:$K10)=G10,N10+1,N10) -> 10 | O11: =if(min($G10:$K10)=H10,O10+1,O10) -> 0 | P11: =if(min($G10:$K10)=I10,P10+1,P10) -> 0 | Q11: =if(min($G10:$K10)=J10,Q10+1,Q10) -> 0 | R11: =if(min($G10:$K10)=K10,R10+1,R10) -> 0 | T11: ='Optimal Choice'!$B$5*'Optimal Choice'!$B$6^(N11+1) -> 8.4194078 | U11: ='Optimal Choice'!$B$10*'Optimal Choice'!$B$11^(O11+1) -> 69 | V11: ='Optimal Choice'!$B$15*'Optimal Choice'!$B$16^(P11+1) -> 820.8 | W11: ='Optimal Choice'!$B$20*'Optimal Choice'!$B$21^(Q11+1) -> 9763.2 | X11: ='Optimal Choice'!$B$25*'Optimal Choice'!$B$26^(R11+1) -> 116121.6 | AA11: =if(isna(VLOOKUP(N11,$D$2:$E$10,2,false)),AA10, VLOOKUP(N11,$D$2:$E$10,2,false)) -> 1 | AB11: =if(isna(VLOOKUP(O11,$D$2:$E$10,2,false)),AB10, VLOOKUP(O11,$D$2:$E$10,2,false)) -> 1 | AC11: =if(isna(VLOOKUP(P11,$D$2:$E$10,2,false)),AC10, VLOOKUP(P11,$D$2:$E$10,2,false)) -> 1 | AD11: =if(isna(VLOOKUP(Q11,$D$2:$E$10,2,false)),AD10, VLOOKUP(Q11,$D$2:$E$10,2,false)) -> 1 | AE11: =if(isna(VLOOKUP(R11,$D$2:$E$10,2,false)),AE10, VLOOKUP(R11,$D$2:$E$10,2,false)) -> 1 | AH11: =N11*'Optimal Choice'!$B$4*AA11 -> 16.7 | AI11: =O11*'Optimal Choice'!$B$9*AB11 -> 0 | AJ11: =P11*'Optimal Choice'!$B$14*AC11 -> 0 | AK11: =Q11*'Optimal Choice'!$B$19*AD11 -> 0 | AL11: =R11*'Optimal Choice'!$B$24*AE11 -> 0 | AO11: =if(isna(VLOOKUP(N11+1,$D$2:$E$10,2,false)),AO10, VLOOKUP(N11+1,$D$2:$E$10,2,false)) -> 1 | AP11: =if(isna(VLOOKUP(O11+1,$D$2:$E$10,2,false)),AP10, VLOOKUP(O11+1,$D$2:$E$10,2,false)) -> 1 | AQ11: =if(isna(VLOOKUP(P11+1,$D$2:$E$10,2,false)),AQ10, VLOOKUP(P11+1,$D$2:$E$10,2,false)) -> 1 | AR11: =if(isna(VLOOKUP(Q11+1,$D$2:$E$10,2,false)),AR10, VLOOKUP(Q11+1,$D$2:$E$10,2,false)) -> 1 | AS11: =if(isna(VLOOKUP(R11+1,$D$2:$E$10,2,false)),AS10, VLOOKUP(R11+1,$D$2:$E$10,2,false)) -> 1 | AU11: =A11-A10 -> 0.008725444
A12: =A11+(index(T11:X11,1,match(min(G11:K11),G11:K11,0))/B11)/60 -> 0.16036279 | B12: =(sum(AH12:AL12))*'Optimal Choice'!$B$28 -> 18.37 | G12: =(T12/$B12)+(T12/('Optimal Choice'!$B$4*AO12)) -> 5.8848773 | H12: =(U12/$B12)+(U12/('Optimal Choice'!$B$9*AP12)) -> 7.2061241 | I12: =(V12/$B12)+(V12/('Optimal Choice'!$B$14*AQ12)) -> 53.801546 | J12: =(W12/$B12)+(W12/('Optimal Choice'!$B$19*AR12)) -> 558.59523 | K12: =(X12/$B12)+(X12/('Optimal Choice'!$B$24*AS12)) -> 6375.0229 | N12: =if(min($G11:$K11)=G11,N11+1,N11) -> 11 | O12: =if(min($G11:$K11)=H11,O11+1,O11) -> 0 | P12: =if(min($G11:$K11)=I11,P11+1,P11) -> 0 | Q12: =if(min($G11:$K11)=J11,Q11+1,Q11) -> 0 | R12: =if(min($G11:$K11)=K11,R11+1,R11) -> 0 | T12: ='Optimal Choice'!$B$5*'Optimal Choice'!$B$6^(N12+1) -> 9.0087664 | U12: ='Optimal Choice'!$B$10*'Optimal Choice'!$B$11^(O12+1) -> 69 | V12: ='Optimal Choice'!$B$15*'Optimal Choice'!$B$16^(P12+1) -> 820.8 | W12: ='Optimal Choice'!$B$20*'Optimal Choice'!$B$21^(Q12+1) -> 9763.2 | X12: ='Optimal Choice'!$B$25*'Optimal Choice'!$B$26^(R12+1) -> 116121.6 | AA12: =if(isna(VLOOKUP(N12,$D$2:$E$10,2,false)),AA11, VLOOKUP(N12,$D$2:$E$10,2,false)) -> 1 | AB12: =if(isna(VLOOKUP(O12,$D$2:$E$10,2,false)),AB11, VLOOKUP(O12,$D$2:$E$10,2,false)) -> 1 | AC12: =if(isna(VLOOKUP(P12,$D$2:$E$10,2,false)),AC11, VLOOKUP(P12,$D$2:$E$10,2,false)) -> 1 | AD12: =if(isna(VLOOKUP(Q12,$D$2:$E$10,2,false)),AD11, VLOOKUP(Q12,$D$2:$E$10,2,false)) -> 1 | AE12: =if(isna(VLOOKUP(R12,$D$2:$E$10,2,false)),AE11, VLOOKUP(R12,$D$2:$E$10,2,false)) -> 1 | AH12: =N12*'Optimal Choice'!$B$4*AA12 -> 18.37 | AI12: =O12*'Optimal Choice'!$B$9*AB12 -> 0 | AJ12: =P12*'Optimal Choice'!$B$14*AC12 -> 0 | AK12: =Q12*'Optimal Choice'!$B$19*AD12 -> 0 | AL12: =R12*'Optimal Choice'!$B$24*AE12 -> 0 | AO12: =if(isna(VLOOKUP(N12+1,$D$2:$E$10,2,false)),AO11, VLOOKUP(N12+1,$D$2:$E$10,2,false)) -> 1 | AP12: =if(isna(VLOOKUP(O12+1,$D$2:$E$10,2,false)),AP11, VLOOKUP(O12+1,$D$2:$E$10,2,false)) -> 1 | AQ12: =if(isna(VLOOKUP(P12+1,$D$2:$E$10,2,false)),AQ11, VLOOKUP(P12+1,$D$2:$E$10,2,false)) -> 1 | AR12: =if(isna(VLOOKUP(Q12+1,$D$2:$E$10,2,false)),AR11, VLOOKUP(Q12+1,$D$2:$E$10,2,false)) -> 1 | AS12: =if(isna(VLOOKUP(R12+1,$D$2:$E$10,2,false)),AS11, VLOOKUP(R12+1,$D$2:$E$10,2,false)) -> 1 | AU12: =A12-A11 -> 0.0084026026
A13: =A12+(index(T12:X12,1,match(min(G12:K12),G12:K12,0))/B12)/60 -> 0.16853623 | B13: =(sum(AH13:AL13))*'Optimal Choice'!$B$28 -> 20.04 | G13: =(T13/$B13)+(T13/('Optimal Choice'!$B$4*AO13)) -> 6.2530908 | H13: =(U13/$B13)+(U13/('Optimal Choice'!$B$9*AP13)) -> 6.8931138 | I13: =(V13/$B13)+(V13/('Optimal Choice'!$B$14*AQ13)) -> 50.078084 | J13: =(W13/$B13)+(W13/('Optimal Choice'!$B$19*AR13)) -> 514.30563 | K13: =(X13/$B13)+(X13/('Optimal Choice'!$B$24*AS13)) -> 5848.251 | N13: =if(min($G12:$K12)=G12,N12+1,N12) -> 12 | O13: =if(min($G12:$K12)=H12,O12+1,O12) -> 0 | P13: =if(min($G12:$K12)=I12,P12+1,P12) -> 0 | Q13: =if(min($G12:$K12)=J12,Q12+1,Q12) -> 0 | R13: =if(min($G12:$K12)=K12,R12+1,R12) -> 0 | T13: ='Optimal Choice'!$B$5*'Optimal Choice'!$B$6^(N13+1) -> 9.63938 | U13: ='Optimal Choice'!$B$10*'Optimal Choice'!$B$11^(O13+1) -> 69 | V13: ='Optimal Choice'!$B$15*'Optimal Choice'!$B$16^(P13+1) -> 820.8 | W13: ='Optimal Choice'!$B$20*'Optimal Choice'!$B$21^(Q13+1) -> 9763.2 | X13: ='Optimal Choice'!$B$25*'Optimal Choice'!$B$26^(R13+1) -> 116121.6 | AA13: =if(isna(VLOOKUP(N13,$D$2:$E$10,2,false)),AA12, VLOOKUP(N13,$D$2:$E$10,2,false)) -> 1 | AB13: =if(isna(VLOOKUP(O13,$D$2:$E$10,2,false)),AB12, VLOOKUP(O13,$D$2:$E$10,2,false)) -> 1 | AC13: =if(isna(VLOOKUP(P13,$D$2:$E$10,2,false)),AC12, VLOOKUP(P13,$D$2:$E$10,2,false)) -> 1 | AD13: =if(isna(VLOOKUP(Q13,$D$2:$E$10,2,false)),AD12, VLOOKUP(Q13,$D$2:$E$10,2,false)) -> 1 | AE13: =if(isna(VLOOKUP(R13,$D$2:$E$10,2,false)),AE12, VLOOKUP(R13,$D$2:$E$10,2,false)) -> 1 | AH13: =N13*'Optimal Choice'!$B$4*AA13 -> 20.04 | AI13: =O13*'Optimal Choice'!$B$9*AB13 -> 0 | AJ13: =P13*'Optimal Choice'!$B$14*AC13 -> 0 | AK13: =Q13*'Optimal Choice'!$B$19*AD13 -> 0 | AL13: =R13*'Optimal Choice'!$B$24*AE13 -> 0 | AO13: =if(isna(VLOOKUP(N13+1,$D$2:$E$10,2,false)),AO12, VLOOKUP(N13+1,$D$2:$E$10,2,false)) -> 1 | AP13: =if(isna(VLOOKUP(O13+1,$D$2:$E$10,2,false)),AP12, VLOOKUP(O13+1,$D$2:$E$10,2,false)) -> 1 | AQ13: =if(isna(VLOOKUP(P13+1,$D$2:$E$10,2,false)),AQ12, VLOOKUP(P13+1,$D$2:$E$10,2,false)) -> 1 | AR13: =if(isna(VLOOKUP(Q13+1,$D$2:$E$10,2,false)),AR12, VLOOKUP(Q13+1,$D$2:$E$10,2,false)) -> 1 | AS13: =if(isna(VLOOKUP(R13+1,$D$2:$E$10,2,false)),AS12, VLOOKUP(R13+1,$D$2:$E$10,2,false)) -> 1 | AU13: =A13-A12 -> 0.0081734407
A14: =A13+(index(T13:X13,1,match(min(G13:K13),G13:K13,0))/B13)/60 -> 0.17655301 | B14: =(sum(AH14:AL14))*'Optimal Choice'!$B$28 -> 21.71 | G14: =(T14/$B14)+(T14/('Optimal Choice'!$B$4*AO14)) -> 6.6512166 | H14: =(U14/$B14)+(U14/('Optimal Choice'!$B$9*AP14)) -> 6.6282589 | I14: =(V14/$B14)+(V14/('Optimal Choice'!$B$14*AQ14)) -> 46.927462 | J14: =(W14/$B14)+(W14/('Optimal Choice'!$B$19*AR14)) -> 476.82981 | K14: =(X14/$B14)+(X14/('Optimal Choice'!$B$24*AS14)) -> 5402.5209 | N14: =if(min($G13:$K13)=G13,N13+1,N13) -> 13 | O14: =if(min($G13:$K13)=H13,O13+1,O13) -> 0 | P14: =if(min($G13:$K13)=I13,P13+1,P13) -> 0 | Q14: =if(min($G13:$K13)=J13,Q13+1,Q13) -> 0 | R14: =if(min($G13:$K13)=K13,R13+1,R13) -> 0 | T14: ='Optimal Choice'!$B$5*'Optimal Choice'!$B$6^(N14+1) -> 10.314137 | U14: ='Optimal Choice'!$B$10*'Optimal Choice'!$B$11^(O14+1) -> 69 | V14: ='Optimal Choice'!$B$15*'Optimal Choice'!$B$16^(P14+1) -> 820.8 | W14: ='Optimal Choice'!$B$20*'Optimal Choice'!$B$21^(Q14+1) -> 9763.2 | X14: ='Optimal Choice'!$B$25*'Optimal Choice'!$B$26^(R14+1) -> 116121.6 | AA14: =if(isna(VLOOKUP(N14,$D$2:$E$10,2,false)),AA13, VLOOKUP(N14,$D$2:$E$10,2,false)) -> 1 | AB14: =if(isna(VLOOKUP(O14,$D$2:$E$10,2,false)),AB13, VLOOKUP(O14,$D$2:$E$10,2,false)) -> 1 | AC14: =if(isna(VLOOKUP(P14,$D$2:$E$10,2,false)),AC13, VLOOKUP(P14,$D$2:$E$10,2,false)) -> 1 | AD14: =if(isna(VLOOKUP(Q14,$D$2:$E$10,2,false)),AD13, VLOOKUP(Q14,$D$2:$E$10,2,false)) -> 1 | AE14: =if(isna(VLOOKUP(R14,$D$2:$E$10,2,false)),AE13, VLOOKUP(R14,$D$2:$E$10,2,false)) -> 1 | AH14: =N14*'Optimal Choice'!$B$4*AA14 -> 21.71 | AI14: =O14*'Optimal Choice'!$B$9*AB14 -> 0 | AJ14: =P14*'Optimal Choice'!$B$14*AC14 -> 0 | AK14: =Q14*'Optimal Choice'!$B$19*AD14 -> 0 | AL14: =R14*'Optimal Choice'!$B$24*AE14 -> 0 | AO14: =if(isna(VLOOKUP(N14+1,$D$2:$E$10,2,false)),AO13, VLOOKUP(N14+1,$D$2:$E$10,2,false)) -> 1 | AP14: =if(isna(VLOOKUP(O14+1,$D$2:$E$10,2,false)),AP13, VLOOKUP(O14+1,$D$2:$E$10,2,false)) -> 1 | AQ14: =if(isna(VLOOKUP(P14+1,$D$2:$E$10,2,false)),AQ13, VLOOKUP(P14+1,$D$2:$E$10,2,false)) -> 1 | AR14: =if(isna(VLOOKUP(Q14+1,$D$2:$E$10,2,false)),AR13, VLOOKUP(Q14+1,$D$2:$E$10,2,false)) -> 1 | AS14: =if(isna(VLOOKUP(R14+1,$D$2:$E$10,2,false)),AS13, VLOOKUP(R14+1,$D$2:$E$10,2,false)) -> 1 | AU14: =A14-A13 -> 0.0080167831
A15: =A14+(index(T14:X14,1,match(min(G14:K14),G14:K14,0))/B14)/60 -> 0.229524 | B15: =(sum(AH15:AL15))*'Optimal Choice'!$B$28 -> 41.71 | G15: =(T15/$B15)+(T15/('Optimal Choice'!$B$4*AO15)) -> 6.4234118 | H15: =(U15/$B15)+(U15/('Optimal Choice'!$B$9*AP15)) -> 5.8699215 | I15: =(V15/$B15)+(V15/('Optimal Choice'!$B$14*AQ15)) -> 28.798734 | J15: =(W15/$B15)+(W15/('Optimal Choice'!$B$19*AR15)) -> 261.19336 | K15: =(X15/$B15)+(X15/('Optimal Choice'!$B$24*AS15)) -> 2837.783 | N15: =if(min($G14:$K14)=G14,N14+1,N14) -> 13 | O15: =if(min($G14:$K14)=H14,O14+1,O14) -> 1 | P15: =if(min($G14:$K14)=I14,P14+1,P14) -> 0 | Q15: =if(min($G14:$K14)=J14,Q14+1,Q14) -> 0 | R15: =if(min($G14:$K14)=K14,R14+1,R14) -> 0 | T15: ='Optimal Choice'!$B$5*'Optimal Choice'!$B$6^(N15+1) -> 10.314137 | U15: ='Optimal Choice'!$B$10*'Optimal Choice'!$B$11^(O15+1) -> 79.35 | V15: ='Optimal Choice'!$B$15*'Optimal Choice'!$B$16^(P15+1) -> 820.8 | W15: ='Optimal Choice'!$B$20*'Optimal Choice'!$B$21^(Q15+1) -> 9763.2 | X15: ='Optimal Choice'!$B$25*'Optimal Choice'!$B$26^(R15+1) -> 116121.6 | AA15: =if(isna(VLOOKUP(N15,$D$2:$E$10,2,false)),AA14, VLOOKUP(N15,$D$2:$E$10,2,false)) -> 1 | AB15: =if(isna(VLOOKUP(O15,$D$2:$E$10,2,false)),AB14, VLOOKUP(O15,$D$2:$E$10,2,false)) -> 1 | AC15: =if(isna(VLOOKUP(P15,$D$2:$E$10,2,false)),AC14, VLOOKUP(P15,$D$2:$E$10,2,false)) -> 1 | AD15: =if(isna(VLOOKUP(Q15,$D$2:$E$10,2,false)),AD14, VLOOKUP(Q15,$D$2:$E$10,2,false)) -> 1 | AE15: =if(isna(VLOOKUP(R15,$D$2:$E$10,2,false)),AE14, VLOOKUP(R15,$D$2:$E$10,2,false)) -> 1 | AH15: =N15*'Optimal Choice'!$B$4*AA15 -> 21.71 | AI15: =O15*'Optimal Choice'!$B$9*AB15 -> 20 | AJ15: =P15*'Optimal Choice'!$B$14*AC15 -> 0 | AK15: =Q15*'Optimal Choice'!$B$19*AD15 -> 0 | AL15: =R15*'Optimal Choice'!$B$24*AE15 -> 0 | AO15: =if(isna(VLOOKUP(N15+1,$D$2:$E$10,2,false)),AO14, VLOOKUP(N15+1,$D$2:$E$10,2,false)) -> 1 | AP15: =if(isna(VLOOKUP(O15+1,$D$2:$E$10,2,false)),AP14, VLOOKUP(O15+1,$D$2:$E$10,2,false)) -> 1 | AQ15: =if(isna(VLOOKUP(P15+1,$D$2:$E$10,2,false)),AQ14, VLOOKUP(P15+1,$D$2:$E$10,2,false)) -> 1 | AR15: =if(isna(VLOOKUP(Q15+1,$D$2:$E$10,2,false)),AR14, VLOOKUP(Q15+1,$D$2:$E$10,2,false)) -> 1 | AS15: =if(isna(VLOOKUP(R15+1,$D$2:$E$10,2,false)),AS14, VLOOKUP(R15+1,$D$2:$E$10,2,false)) -> 1 | AU15: =A15-A14 -> 0.052970981
A16: =A15+(index(T15:X15,1,match(min(G15:K15),G15:K15,0))/B15)/60 -> 0.26123102 | B16: =(sum(AH16:AL16))*'Optimal Choice'!$B$28 -> 61.71 | G16: =(T16/$B16)+(T16/('Optimal Choice'!$B$4*AO16)) -> 6.3432685 | H16: =(U16/$B16)+(U16/('Optimal Choice'!$B$9*AP16)) -> 6.0413562 | I16: =(V16/$B16)+(V16/('Optimal Choice'!$B$14*AQ16)) -> 22.420924 | J16: =(W16/$B16)+(W16/('Optimal Choice'!$B$19*AR16)) -> 185.33099 | K16: =(X16/$B16)+(X16/('Optimal Choice'!$B$24*AS16)) -> 1935.4907 | N16: =if(min($G15:$K15)=G15,N15+1,N15) -> 13 | O16: =if(min($G15:$K15)=H15,O15+1,O15) -> 2 | P16: =if(min($G15:$K15)=I15,P15+1,P15) -> 0 | Q16: =if(min($G15:$K15)=J15,Q15+1,Q15) -> 0 | R16: =if(min($G15:$K15)=K15,R15+1,R15) -> 0 | T16: ='Optimal Choice'!$B$5*'Optimal Choice'!$B$6^(N16+1) -> 10.314137 | U16: ='Optimal Choice'!$B$10*'Optimal Choice'!$B$11^(O16+1) -> 91.2525 | V16: ='Optimal Choice'!$B$15*'Optimal Choice'!$B$16^(P16+1) -> 820.8 | W16: ='Optimal Choice'!$B$20*'Optimal Choice'!$B$21^(Q16+1) -> 9763.2 | X16: ='Optimal Choice'!$B$25*'Optimal Choice'!$B$26^(R16+1) -> 116121.6 | AA16: =if(isna(VLOOKUP(N16,$D$2:$E$10,2,false)),AA15, VLOOKUP(N16,$D$2:$E$10,2,false)) -> 1 | AB16: =if(isna(VLOOKUP(O16,$D$2:$E$10,2,false)),AB15, VLOOKUP(O16,$D$2:$E$10,2,false)) -> 1 | AC16: =if(isna(VLOOKUP(P16,$D$2:$E$10,2,false)),AC15, VLOOKUP(P16,$D$2:$E$10,2,false)) -> 1 | AD16: =if(isna(VLOOKUP(Q16,$D$2:$E$10,2,false)),AD15, VLOOKUP(Q16,$D$2:$E$10,2,false)) -> 1 | AE16: =if(isna(VLOOKUP(R16,$D$2:$E$10,2,false)),AE15, VLOOKUP(R16,$D$2:$E$10,2,false)) -> 1 | AH16: =N16*'Optimal Choice'!$B$4*AA16 -> 21.71 | AI16: =O16*'Optimal Choice'!$B$9*AB16 -> 40 | AJ16: =P16*'Optimal Choice'!$B$14*AC16 -> 0 | AK16: =Q16*'Optimal Choice'!$B$19*AD16 -> 0 | AL16: =R16*'Optimal Choice'!$B$24*AE16 -> 0 | AO16: =if(isna(VLOOKUP(N16+1,$D$2:$E$10,2,false)),AO15, VLOOKUP(N16+1,$D$2:$E$10,2,false)) -> 1 | AP16: =if(isna(VLOOKUP(O16+1,$D$2:$E$10,2,false)),AP15, VLOOKUP(O16+1,$D$2:$E$10,2,false)) -> 1 | AQ16: =if(isna(VLOOKUP(P16+1,$D$2:$E$10,2,false)),AQ15, VLOOKUP(P16+1,$D$2:$E$10,2,false)) -> 1 | AR16: =if(isna(VLOOKUP(Q16+1,$D$2:$E$10,2,false)),AR15, VLOOKUP(Q16+1,$D$2:$E$10,2,false)) -> 1 | AS16: =if(isna(VLOOKUP(R16+1,$D$2:$E$10,2,false)),AS15, VLOOKUP(R16+1,$D$2:$E$10,2,false)) -> 1 | AU16: =A16-A15 -> 0.031707025
A17: =A16+(index(T16:X16,1,match(min(G16:K16),G16:K16,0))/B16)/60 -> 0.28587654 | B17: =(sum(AH17:AL17))*'Optimal Choice'!$B$28 -> 81.71 | G17: =(T17/$B17)+(T17/('Optimal Choice'!$B$4*AO17)) -> 6.3023583 | H17: =(U17/$B17)+(U17/('Optimal Choice'!$B$9*AP17)) -> 6.5313215 | I17: =(V17/$B17)+(V17/('Optimal Choice'!$B$14*AQ17)) -> 19.165282 | J17: =(W17/$B17)+(W17/('Optimal Choice'!$B$19*AR17)) -> 146.60599 | K17: =(X17/$B17)+(X17/('Optimal Choice'!$B$24*AS17)) -> 1474.9031 | N17: =if(min($G16:$K16)=G16,N16+1,N16) -> 13 | O17: =if(min($G16:$K16)=H16,O16+1,O16) -> 3 | P17: =if(min($G16:$K16)=I16,P16+1,P16) -> 0 | Q17: =if(min($G16:$K16)=J16,Q16+1,Q16) -> 0 | R17: =if(min($G16:$K16)=K16,R16+1,R16) -> 0 | T17: ='Optimal Choice'!$B$5*'Optimal Choice'!$B$6^(N17+1) -> 10.314137 | U17: ='Optimal Choice'!$B$10*'Optimal Choice'!$B$11^(O17+1) -> 104.94038 | V17: ='Optimal Choice'!$B$15*'Optimal Choice'!$B$16^(P17+1) -> 820.8 | W17: ='Optimal Choice'!$B$20*'Optimal Choice'!$B$21^(Q17+1) -> 9763.2 | X17: ='Optimal Choice'!$B$25*'Optimal Choice'!$B$26^(R17+1) -> 116121.6 | AA17: =if(isna(VLOOKUP(N17,$D$2:$E$10,2,false)),AA16, VLOOKUP(N17,$D$2:$E$10,2,false)) -> 1 | AB17: =if(isna(VLOOKUP(O17,$D$2:$E$10,2,false)),AB16, VLOOKUP(O17,$D$2:$E$10,2,false)) -> 1 | AC17: =if(isna(VLOOKUP(P17,$D$2:$E$10,2,false)),AC16, VLOOKUP(P17,$D$2:$E$10,2,false)) -> 1 | AD17: =if(isna(VLOOKUP(Q17,$D$2:$E$10,2,false)),AD16, VLOOKUP(Q17,$D$2:$E$10,2,false)) -> 1 | AE17: =if(isna(VLOOKUP(R17,$D$2:$E$10,2,false)),AE16, VLOOKUP(R17,$D$2:$E$10,2,false)) -> 1 | AH17: =N17*'Optimal Choice'!$B$4*AA17 -> 21.71 | AI17: =O17*'Optimal Choice'!$B$9*AB17 -> 60 | AJ17: =P17*'Optimal Choice'!$B$14*AC17 -> 0 | AK17: =Q17*'Optimal Choice'!$B$19*AD17 -> 0 | AL17: =R17*'Optimal Choice'!$B$24*AE17 -> 0 | AO17: =if(isna(VLOOKUP(N17+1,$D$2:$E$10,2,false)),AO16, VLOOKUP(N17+1,$D$2:$E$10,2,false)) -> 1 | AP17: =if(isna(VLOOKUP(O17+1,$D$2:$E$10,2,false)),AP16, VLOOKUP(O17+1,$D$2:$E$10,2,false)) -> 1 | AQ17: =if(isna(VLOOKUP(P17+1,$D$2:$E$10,2,false)),AQ16, VLOOKUP(P17+1,$D$2:$E$10,2,false)) -> 1 | AR17: =if(isna(VLOOKUP(Q17+1,$D$2:$E$10,2,false)),AR16, VLOOKUP(Q17+1,$D$2:$E$10,2,false)) -> 1 | AS17: =if(isna(VLOOKUP(R17+1,$D$2:$E$10,2,false)),AS16, VLOOKUP(R17+1,$D$2:$E$10,2,false)) -> 1 | AU17: =A17-A16 -> 0.024645519
A18: =A17+(index(T17:X17,1,match(min(G17:K17),G17:K17,0))/B17)/60 -> 0.28798035 | B18: =(sum(AH18:AL18))*'Optimal Choice'!$B$28 -> 83.38 | G18: =(T18/$B18)+(T18/('Optimal Choice'!$B$4*AO18)) -> 6.7408182 | H18: =(U18/$B18)+(U18/('Optimal Choice'!$B$9*AP18)) -> 6.5055984 | I18: =(V18/$B18)+(V18/('Optimal Choice'!$B$14*AQ18)) -> 18.964087 | J18: =(W18/$B18)+(W18/('Optimal Choice'!$B$19*AR18)) -> 144.21283 | K18: =(X18/$B18)+(X18/('Optimal Choice'!$B$24*AS18)) -> 1446.4393 | N18: =if(min($G17:$K17)=G17,N17+1,N17) -> 14 | O18: =if(min($G17:$K17)=H17,O17+1,O17) -> 3 | P18: =if(min($G17:$K17)=I17,P17+1,P17) -> 0 | Q18: =if(min($G17:$K17)=J17,Q17+1,Q17) -> 0 | R18: =if(min($G17:$K17)=K17,R17+1,R17) -> 0 | T18: ='Optimal Choice'!$B$5*'Optimal Choice'!$B$6^(N18+1) -> 11.036126 | U18: ='Optimal Choice'!$B$10*'Optimal Choice'!$B$11^(O18+1) -> 104.94038 | V18: ='Optimal Choice'!$B$15*'Optimal Choice'!$B$16^(P18+1) -> 820.8 | W18: ='Optimal Choice'!$B$20*'Optimal Choice'!$B$21^(Q18+1) -> 9763.2 | X18: ='Optimal Choice'!$B$25*'Optimal Choice'!$B$26^(R18+1) -> 116121.6 | AA18: =if(isna(VLOOKUP(N18,$D$2:$E$10,2,false)),AA17, VLOOKUP(N18,$D$2:$E$10,2,false)) -> 1 | AB18: =if(isna(VLOOKUP(O18,$D$2:$E$10,2,false)),AB17, VLOOKUP(O18,$D$2:$E$10,2,false)) -> 1 | AC18: =if(isna(VLOOKUP(P18,$D$2:$E$10,2,false)),AC17, VLOOKUP(P18,$D$2:$E$10,2,false)) -> 1 | AD18: =if(isna(VLOOKUP(Q18,$D$2:$E$10,2,false)),AD17, VLOOKUP(Q18,$D$2:$E$10,2,false)) -> 1 | AE18: =if(isna(VLOOKUP(R18,$D$2:$E$10,2,false)),AE17, VLOOKUP(R18,$D$2:$E$10,2,false)) -> 1 | AH18: =N18*'Optimal Choice'!$B$4*AA18 -> 23.38 | AI18: =O18*'Optimal Choice'!$B$9*AB18 -> 60 | AJ18: =P18*'Optimal Choice'!$B$14*AC18 -> 0 | AK18: =Q18*'Optimal Choice'!$B$19*AD18 -> 0 | AL18: =R18*'Optimal Choice'!$B$24*AE18 -> 0 | AO18: =if(isna(VLOOKUP(N18+1,$D$2:$E$10,2,false)),AO17, VLOOKUP(N18+1,$D$2:$E$10,2,false)) -> 1 | AP18: =if(isna(VLOOKUP(O18+1,$D$2:$E$10,2,false)),AP17, VLOOKUP(O18+1,$D$2:$E$10,2,false)) -> 1 | AQ18: =if(isna(VLOOKUP(P18+1,$D$2:$E$10,2,false)),AQ17, VLOOKUP(P18+1,$D$2:$E$10,2,false)) -> 1 | AR18: =if(isna(VLOOKUP(Q18+1,$D$2:$E$10,2,false)),AR17, VLOOKUP(Q18+1,$D$2:$E$10,2,false)) -> 1 | AS18: =if(isna(VLOOKUP(R18+1,$D$2:$E$10,2,false)),AS17, VLOOKUP(R18+1,$D$2:$E$10,2,false)) -> 1 | AU18: =A18-A17 -> 0.0021038095
A19: =A18+(index(T18:X18,1,match(min(G18:K18),G18:K18,0))/B18)/60 -> 0.30895668 | B19: =(sum(AH19:AL19))*'Optimal Choice'!$B$28 -> 103.38 | G19: =(T19/$B19)+(T19/('Optimal Choice'!$B$4*AO19)) -> 6.7152118 | H19: =(U19/$B19)+(U19/('Optimal Choice'!$B$9*AP19)) -> 7.2014292 | I19: =(V19/$B19)+(V19/('Optimal Choice'!$B$14*AQ19)) -> 17.05964 | J19: =(W19/$B19)+(W19/('Optimal Choice'!$B$19*AR19)) -> 121.55993 | K19: =(X19/$B19)+(X19/('Optimal Choice'!$B$24*AS19)) -> 1177.0101 | N19: =if(min($G18:$K18)=G18,N18+1,N18) -> 14 | O19: =if(min($G18:$K18)=H18,O18+1,O18) -> 4 | P19: =if(min($G18:$K18)=I18,P18+1,P18) -> 0 | Q19: =if(min($G18:$K18)=J18,Q18+1,Q18) -> 0 | R19: =if(min($G18:$K18)=K18,R18+1,R18) -> 0 | T19: ='Optimal Choice'!$B$5*'Optimal Choice'!$B$6^(N19+1) -> 11.036126 | U19: ='Optimal Choice'!$B$10*'Optimal Choice'!$B$11^(O19+1) -> 120.68143 | V19: ='Optimal Choice'!$B$15*'Optimal Choice'!$B$16^(P19+1) -> 820.8 | W19: ='Optimal Choice'!$B$20*'Optimal Choice'!$B$21^(Q19+1) -> 9763.2 | X19: ='Optimal Choice'!$B$25*'Optimal Choice'!$B$26^(R19+1) -> 116121.6 | AA19: =if(isna(VLOOKUP(N19,$D$2:$E$10,2,false)),AA18, VLOOKUP(N19,$D$2:$E$10,2,false)) -> 1 | AB19: =if(isna(VLOOKUP(O19,$D$2:$E$10,2,false)),AB18, VLOOKUP(O19,$D$2:$E$10,2,false)) -> 1 | AC19: =if(isna(VLOOKUP(P19,$D$2:$E$10,2,false)),AC18, VLOOKUP(P19,$D$2:$E$10,2,false)) -> 1 | AD19: =if(isna(VLOOKUP(Q19,$D$2:$E$10,2,false)),AD18, VLOOKUP(Q19,$D$2:$E$10,2,false)) -> 1 | AE19: =if(isna(VLOOKUP(R19,$D$2:$E$10,2,false)),AE18, VLOOKUP(R19,$D$2:$E$10,2,false)) -> 1 | AH19: =N19*'Optimal Choice'!$B$4*AA19 -> 23.38 | AI19: =O19*'Optimal Choice'!$B$9*AB19 -> 80 | AJ19: =P19*'Optimal Choice'!$B$14*AC19 -> 0 | AK19: =Q19*'Optimal Choice'!$B$19*AD19 -> 0 | AL19: =R19*'Optimal Choice'!$B$24*AE19 -> 0 | AO19: =if(isna(VLOOKUP(N19+1,$D$2:$E$10,2,false)),AO18, VLOOKUP(N19+1,$D$2:$E$10,2,false)) -> 1 | AP19: =if(isna(VLOOKUP(O19+1,$D$2:$E$10,2,false)),AP18, VLOOKUP(O19+1,$D$2:$E$10,2,false)) -> 1 | AQ19: =if(isna(VLOOKUP(P19+1,$D$2:$E$10,2,false)),AQ18, VLOOKUP(P19+1,$D$2:$E$10,2,false)) -> 1 | AR19: =if(isna(VLOOKUP(Q19+1,$D$2:$E$10,2,false)),AR18, VLOOKUP(Q19+1,$D$2:$E$10,2,false)) -> 1 | AS19: =if(isna(VLOOKUP(R19+1,$D$2:$E$10,2,false)),AS18, VLOOKUP(R19+1,$D$2:$E$10,2,false)) -> 1 | AU19: =A19-A18 -> 0.020976328
A20: =A19+(index(T19:X19,1,match(min(G19:K19),G19:K19,0))/B19)/60 -> 0.31073589 | B20: =(sum(AH20:AL20))*'Optimal Choice'!$B$28 -> 105.05 | G20: =(T20/$B20)+(T20/('Optimal Choice'!$B$4*AO20)) -> 7.1834607 | H20: =(U20/$B20)+(U20/('Optimal Choice'!$B$9*AP20)) -> 7.1828715 | I20: =(V20/$B20)+(V20/('Optimal Choice'!$B$14*AQ20)) -> 16.933422 | J20: =(W20/$B20)+(W20/('Optimal Choice'!$B$19*AR20)) -> 120.0586 | K20: =(X20/$B20)+(X20/('Optimal Choice'!$B$24*AS20)) -> 1159.1536 | N20: =if(min($G19:$K19)=G19,N19+1,N19) -> 15 | O20: =if(min($G19:$K19)=H19,O19+1,O19) -> 4 | P20: =if(min($G19:$K19)=I19,P19+1,P19) -> 0 | Q20: =if(min($G19:$K19)=J19,Q19+1,Q19) -> 0 | R20: =if(min($G19:$K19)=K19,R19+1,R19) -> 0 | T20: ='Optimal Choice'!$B$5*'Optimal Choice'!$B$6^(N20+1) -> 11.808655 | U20: ='Optimal Choice'!$B$10*'Optimal Choice'!$B$11^(O20+1) -> 120.68143 | V20: ='Optimal Choice'!$B$15*'Optimal Choice'!$B$16^(P20+1) -> 820.8 | W20: ='Optimal Choice'!$B$20*'Optimal Choice'!$B$21^(Q20+1) -> 9763.2 | X20: ='Optimal Choice'!$B$25*'Optimal Choice'!$B$26^(R20+1) -> 116121.6 | AA20: =if(isna(VLOOKUP(N20,$D$2:$E$10,2,false)),AA19, VLOOKUP(N20,$D$2:$E$10,2,false)) -> 1 | AB20: =if(isna(VLOOKUP(O20,$D$2:$E$10,2,false)),AB19, VLOOKUP(O20,$D$2:$E$10,2,false)) -> 1 | AC20: =if(isna(VLOOKUP(P20,$D$2:$E$10,2,false)),AC19, VLOOKUP(P20,$D$2:$E$10,2,false)) -> 1 | AD20: =if(isna(VLOOKUP(Q20,$D$2:$E$10,2,false)),AD19, VLOOKUP(Q20,$D$2:$E$10,2,false)) -> 1 | AE20: =if(isna(VLOOKUP(R20,$D$2:$E$10,2,false)),AE19, VLOOKUP(R20,$D$2:$E$10,2,false)) -> 1 | AH20: =N20*'Optimal Choice'!$B$4*AA20 -> 25.05 | AI20: =O20*'Optimal Choice'!$B$9*AB20 -> 80 | AJ20: =P20*'Optimal Choice'!$B$14*AC20 -> 0 | AK20: =Q20*'Optimal Choice'!$B$19*AD20 -> 0 | AL20: =R20*'Optimal Choice'!$B$24*AE20 -> 0 | AO20: =if(isna(VLOOKUP(N20+1,$D$2:$E$10,2,false)),AO19, VLOOKUP(N20+1,$D$2:$E$10,2,false)) -> 1 | AP20: =if(isna(VLOOKUP(O20+1,$D$2:$E$10,2,false)),AP19, VLOOKUP(O20+1,$D$2:$E$10,2,false)) -> 1 | AQ20: =if(isna(VLOOKUP(P20+1,$D$2:$E$10,2,false)),AQ19, VLOOKUP(P20+1,$D$2:$E$10,2,false)) -> 1 | AR20: =if(isna(VLOOKUP(Q20+1,$D$2:$E$10,2,false)),AR19, VLOOKUP(Q20+1,$D$2:$E$10,2,false)) -> 1 | AS20: =if(isna(VLOOKUP(R20+1,$D$2:$E$10,2,false)),AS19, VLOOKUP(R20+1,$D$2:$E$10,2,false)) -> 1 | AU20: =A20-A19 -> 0.0017792168
A21: =A20+(index(T20:X20,1,match(min(G20:K20),G20:K20,0))/B20)/60 -> 0.32988256 | B21: =(sum(AH21:AL21))*'Optimal Choice'!$B$28 -> 125.05 | G21: =(T21/$B21)+(T21/('Optimal Choice'!$B$4*AO21)) -> 7.1654824 | H21: =(U21/$B21)+(U21/('Optimal Choice'!$B$9*AP21)) -> 8.0490075 | I21: =(V21/$B21)+(V21/('Optimal Choice'!$B$14*AQ21)) -> 15.683774 | J21: =(W21/$B21)+(W21/('Optimal Choice'!$B$19*AR21)) -> 105.19437 | K21: =(X21/$B21)+(X21/('Optimal Choice'!$B$24*AS21)) -> 982.36136 | N21: =if(min($G20:$K20)=G20,N20+1,N20) -> 15 | O21: =if(min($G20:$K20)=H20,O20+1,O20) -> 5 | P21: =if(min($G20:$K20)=I20,P20+1,P20) -> 0 | Q21: =if(min($G20:$K20)=J20,Q20+1,Q20) -> 0 | R21: =if(min($G20:$K20)=K20,R20+1,R20) -> 0 | T21: ='Optimal Choice'!$B$5*'Optimal Choice'!$B$6^(N21+1) -> 11.808655 | U21: ='Optimal Choice'!$B$10*'Optimal Choice'!$B$11^(O21+1) -> 138.78365 | V21: ='Optimal Choice'!$B$15*'Optimal Choice'!$B$16^(P21+1) -> 820.8 | W21: ='Optimal Choice'!$B$20*'Optimal Choice'!$B$21^(Q21+1) -> 9763.2 | X21: ='Optimal Choice'!$B$25*'Optimal Choice'!$B$26^(R21+1) -> 116121.6 | AA21: =if(isna(VLOOKUP(N21,$D$2:$E$10,2,false)),AA20, VLOOKUP(N21,$D$2:$E$10,2,false)) -> 1 | AB21: =if(isna(VLOOKUP(O21,$D$2:$E$10,2,false)),AB20, VLOOKUP(O21,$D$2:$E$10,2,false)) -> 1 | AC21: =if(isna(VLOOKUP(P21,$D$2:$E$10,2,false)),AC20, VLOOKUP(P21,$D$2:$E$10,2,false)) -> 1 | AD21: =if(isna(VLOOKUP(Q21,$D$2:$E$10,2,false)),AD20, VLOOKUP(Q21,$D$2:$E$10,2,false)) -> 1 | AE21: =if(isna(VLOOKUP(R21,$D$2:$E$10,2,false)),AE20, VLOOKUP(R21,$D$2:$E$10,2,false)) -> 1 | AH21: =N21*'Optimal Choice'!$B$4*AA21 -> 25.05 | AI21: =O21*'Optimal Choice'!$B$9*AB21 -> 100 | AJ21: =P21*'Optimal Choice'!$B$14*AC21 -> 0 | AK21: =Q21*'Optimal Choice'!$B$19*AD21 -> 0 | AL21: =R21*'Optimal Choice'!$B$24*AE21 -> 0 | AO21: =if(isna(VLOOKUP(N21+1,$D$2:$E$10,2,false)),AO20, VLOOKUP(N21+1,$D$2:$E$10,2,false)) -> 1 | AP21: =if(isna(VLOOKUP(O21+1,$D$2:$E$10,2,false)),AP20, VLOOKUP(O21+1,$D$2:$E$10,2,false)) -> 1 | AQ21: =if(isna(VLOOKUP(P21+1,$D$2:$E$10,2,false)),AQ20, VLOOKUP(P21+1,$D$2:$E$10,2,false)) -> 1 | AR21: =if(isna(VLOOKUP(Q21+1,$D$2:$E$10,2,false)),AR20, VLOOKUP(Q21+1,$D$2:$E$10,2,false)) -> 1 | AS21: =if(isna(VLOOKUP(R21+1,$D$2:$E$10,2,false)),AS20, VLOOKUP(R21+1,$D$2:$E$10,2,false)) -> 1 | AU21: =A21-A20 -> 0.019146665
A22: =A21+(index(T21:X21,1,match(min(G21:K21),G21:K21,0))/B21)/60 -> 0.33145642 | B22: =(sum(AH22:AL22))*'Optimal Choice'!$B$28 -> 126.72 | G22: =(T22/$B22)+(T22/('Optimal Choice'!$B$4*AO22)) -> 7.6657345 | H22: =(U22/$B22)+(U22/('Optimal Choice'!$B$9*AP22)) -> 8.0343815 | I22: =(V22/$B22)+(V22/('Optimal Choice'!$B$14*AQ22)) -> 15.597273 | J22: =(W22/$B22)+(W22/('Optimal Choice'!$B$19*AR22)) -> 104.16545 | K22: =(X22/$B22)+(X22/('Optimal Choice'!$B$24*AS22)) -> 970.12364 | N22: =if(min($G21:$K21)=G21,N21+1,N21) -> 16 | O22: =if(min($G21:$K21)=H21,O21+1,O21) -> 5 | P22: =if(min($G21:$K21)=I21,P21+1,P21) -> 0 | Q22: =if(min($G21:$K21)=J21,Q21+1,Q21) -> 0 | R22: =if(min($G21:$K21)=K21,R21+1,R21) -> 0 | T22: ='Optimal Choice'!$B$5*'Optimal Choice'!$B$6^(N22+1) -> 12.635261 | U22: ='Optimal Choice'!$B$10*'Optimal Choice'!$B$11^(O22+1) -> 138.78365 | V22: ='Optimal Choice'!$B$15*'Optimal Choice'!$B$16^(P22+1) -> 820.8 | W22: ='Optimal Choice'!$B$20*'Optimal Choice'!$B$21^(Q22+1) -> 9763.2 | X22: ='Optimal Choice'!$B$25*'Optimal Choice'!$B$26^(R22+1) -> 116121.6 | AA22: =if(isna(VLOOKUP(N22,$D$2:$E$10,2,false)),AA21, VLOOKUP(N22,$D$2:$E$10,2,false)) -> 1 | AB22: =if(isna(VLOOKUP(O22,$D$2:$E$10,2,false)),AB21, VLOOKUP(O22,$D$2:$E$10,2,false)) -> 1 | AC22: =if(isna(VLOOKUP(P22,$D$2:$E$10,2,false)),AC21, VLOOKUP(P22,$D$2:$E$10,2,false)) -> 1 | AD22: =if(isna(VLOOKUP(Q22,$D$2:$E$10,2,false)),AD21, VLOOKUP(Q22,$D$2:$E$10,2,false)) -> 1 | AE22: =if(isna(VLOOKUP(R22,$D$2:$E$10,2,false)),AE21, VLOOKUP(R22,$D$2:$E$10,2,false)) -> 1 | AH22: =N22*'Optimal Choice'!$B$4*AA22 -> 26.72 | AI22: =O22*'Optimal Choice'!$B$9*AB22 -> 100 | AJ22: =P22*'Optimal Choice'!$B$14*AC22 -> 0 | AK22: =Q22*'Optimal Choice'!$B$19*AD22 -> 0 | AL22: =R22*'Optimal Choice'!$B$24*AE22 -> 0 | AO22: =if(isna(VLOOKUP(N22+1,$D$2:$E$10,2,false)),AO21, VLOOKUP(N22+1,$D$2:$E$10,2,false)) -> 1 | AP22: =if(isna(VLOOKUP(O22+1,$D$2:$E$10,2,false)),AP21, VLOOKUP(O22+1,$D$2:$E$10,2,false)) -> 1 | AQ22: =if(isna(VLOOKUP(P22+1,$D$2:$E$10,2,false)),AQ21, VLOOKUP(P22+1,$D$2:$E$10,2,false)) -> 1 | AR22: =if(isna(VLOOKUP(Q22+1,$D$2:$E$10,2,false)),AR21, VLOOKUP(Q22+1,$D$2:$E$10,2,false)) -> 1 | AS22: =if(isna(VLOOKUP(R22+1,$D$2:$E$10,2,false)),AS21, VLOOKUP(R22+1,$D$2:$E$10,2,false)) -> 1 | AU22: =A22-A21 -> 0.0015738578
A23: =A22+(index(T22:X22,1,match(min(G22:K22),G22:K22,0))/B22)/60 -> 0.33311825 | B23: =(sum(AH23:AL23))*'Optimal Choice'!$B$28 -> 128.39 | G23: =(T23/$B23)+(T23/('Optimal Choice'!$B$4*AO23)) -> 8.2009482 | H23: =(U23/$B23)+(U23/('Optimal Choice'!$B$9*AP23)) -> 8.020136 | I23: =(V23/$B23)+(V23/('Optimal Choice'!$B$14*AQ23)) -> 15.513021 | J23: =(W23/$B23)+(W23/('Optimal Choice'!$B$19*AR23)) -> 103.16331 | K23: =(X23/$B23)+(X23/('Optimal Choice'!$B$24*AS23)) -> 958.20427 | N23: =if(min($G22:$K22)=G22,N22+1,N22) -> 17 | O23: =if(min($G22:$K22)=H22,O22+1,O22) -> 5 | P23: =if(min($G22:$K22)=I22,P22+1,P22) -> 0 | Q23: =if(min($G22:$K22)=J22,Q22+1,Q22) -> 0 | R23: =if(min($G22:$K22)=K22,R22+1,R22) -> 0 | T23: ='Optimal Choice'!$B$5*'Optimal Choice'!$B$6^(N23+1) -> 13.519729 | U23: ='Optimal Choice'!$B$10*'Optimal Choice'!$B$11^(O23+1) -> 138.78365 | V23: ='Optimal Choice'!$B$15*'Optimal Choice'!$B$16^(P23+1) -> 820.8 | W23: ='Optimal Choice'!$B$20*'Optimal Choice'!$B$21^(Q23+1) -> 9763.2 | X23: ='Optimal Choice'!$B$25*'Optimal Choice'!$B$26^(R23+1) -> 116121.6 | AA23: =if(isna(VLOOKUP(N23,$D$2:$E$10,2,false)),AA22, VLOOKUP(N23,$D$2:$E$10,2,false)) -> 1 | AB23: =if(isna(VLOOKUP(O23,$D$2:$E$10,2,false)),AB22, VLOOKUP(O23,$D$2:$E$10,2,false)) -> 1 | AC23: =if(isna(VLOOKUP(P23,$D$2:$E$10,2,false)),AC22, VLOOKUP(P23,$D$2:$E$10,2,false)) -> 1 | AD23: =if(isna(VLOOKUP(Q23,$D$2:$E$10,2,false)),AD22, VLOOKUP(Q23,$D$2:$E$10,2,false)) -> 1 | AE23: =if(isna(VLOOKUP(R23,$D$2:$E$10,2,false)),AE22, VLOOKUP(R23,$D$2:$E$10,2,false)) -> 1 | AH23: =N23*'Optimal Choice'!$B$4*AA23 -> 28.39 | AI23: =O23*'Optimal Choice'!$B$9*AB23 -> 100 | AJ23: =P23*'Optimal Choice'!$B$14*AC23 -> 0 | AK23: =Q23*'Optimal Choice'!$B$19*AD23 -> 0 | AL23: =R23*'Optimal Choice'!$B$24*AE23 -> 0 | AO23: =if(isna(VLOOKUP(N23+1,$D$2:$E$10,2,false)),AO22, VLOOKUP(N23+1,$D$2:$E$10,2,false)) -> 1 | AP23: =if(isna(VLOOKUP(O23+1,$D$2:$E$10,2,false)),AP22, VLOOKUP(O23+1,$D$2:$E$10,2,false)) -> 1 | AQ23: =if(isna(VLOOKUP(P23+1,$D$2:$E$10,2,false)),AQ22, VLOOKUP(P23+1,$D$2:$E$10,2,false)) -> 1 | AR23: =if(isna(VLOOKUP(Q23+1,$D$2:$E$10,2,false)),AR22, VLOOKUP(Q23+1,$D$2:$E$10,2,false)) -> 1 | AS23: =if(isna(VLOOKUP(R23+1,$D$2:$E$10,2,false)),AS22, VLOOKUP(R23+1,$D$2:$E$10,2,false)) -> 1 | AU23: =A23-A22 -> 0.0016618346
... A600: =A599+(index(T599:X599,1,match(min(G599:K599),G599:K599,0))/B599)/60 -> 160.64393 | B600: =(sum(AH600:AL600))*'Optimal Choice'!$B$28 -> 6202824 | G600: =(T600/$B600)+(T600/('Optimal Choice'!$B$4*AO600)) -> 85494.394 | H600: =(U600/$B600)+(U600/('Optimal Choice'!$B$9*AP600)) -> 92663.088 | I600: =(V600/$B600)+(V600/('Optimal Choice'!$B$14*AQ600)) -> 92933.697 | J600: =(W600/$B600)+(W600/('Optimal Choice'!$B$19*AR600)) -> 83022.568 | K600: =(X600/$B600)+(X600/('Optimal Choice'!$B$24*AS600)) -> 91786.3 | N600: =if(min($G599:$K599)=G599,N599+1,N599) -> 222 | O600: =if(min($G599:$K599)=H599,O599+1,O599) -> 96 | P600: =if(min($G599:$K599)=I599,P599+1,P599) -> 95 | Q600: =if(min($G599:$K599)=J599,Q599+1,Q599) -> 92 | R600: =if(min($G599:$K599)=K599,R599+1,R599) -> 94 | T600: ='Optimal Choice'!$B$5*'Optimal Choice'!$B$6^(N600+1) -> 14277179 | U600: ='Optimal Choice'!$B$10*'Optimal Choice'!$B$11^(O600+1) -> 46327809 | V600: ='Optimal Choice'!$B$15*'Optimal Choice'!$B$16^(P600+1) -> 2.09025e+08 | W600: ='Optimal Choice'!$B$20*'Optimal Choice'!$B$21^(Q600+1) -> 7.4612052e+08 | X600: ='Optimal Choice'!$B$25*'Optimal Choice'!$B$26^(R600+1) -> 4913683080 | AA600: =if(isna(VLOOKUP(N600,$D$2:$E$10,2,false)),AA599, VLOOKUP(N600,$D$2:$E$10,2,false)) -> 100 | AB600: =if(isna(VLOOKUP(O600,$D$2:$E$10,2,false)),AB599, VLOOKUP(O600,$D$2:$E$10,2,false)) -> 25 | AC600: =if(isna(VLOOKUP(P600,$D$2:$E$10,2,false)),AC599, VLOOKUP(P600,$D$2:$E$10,2,false)) -> 25 | AD600: =if(isna(VLOOKUP(Q600,$D$2:$E$10,2,false)),AD599, VLOOKUP(Q600,$D$2:$E$10,2,false)) -> 25 | AE600: =if(isna(VLOOKUP(R600,$D$2:$E$10,2,false)),AE599, VLOOKUP(R600,$D$2:$E$10,2,false)) -> 25 | AH600: =N600*'Optimal Choice'!$B$4*AA600 -> 37074 | AI600: =O600*'Optimal Choice'!$B$9*AB600 -> 48000 | AJ600: =P600*'Optimal Choice'!$B$14*AC600 -> 213750 | AK600: =Q600*'Optimal Choice'!$B$19*AD600 -> 828000 | AL600: =R600*'Optimal Choice'!$B$24*AE600 -> 5076000 | AO600: =if(isna(VLOOKUP(N600+1,$D$2:$E$10,2,false)),AO599, VLOOKUP(N600+1,$D$2:$E$10,2,false)) -> 100 | AP600: =if(isna(VLOOKUP(O600+1,$D$2:$E$10,2,false)),AP599, VLOOKUP(O600+1,$D$2:$E$10,2,false)) -> 25 | AQ600: =if(isna(VLOOKUP(P600+1,$D$2:$E$10,2,false)),AQ599, VLOOKUP(P600+1,$D$2:$E$10,2,false)) -> 25 | AR600: =if(isna(VLOOKUP(Q600+1,$D$2:$E$10,2,false)),AR599, VLOOKUP(Q600+1,$D$2:$E$10,2,false)) -> 25 | AS600: =if(isna(VLOOKUP(R600+1,$D$2:$E$10,2,false)),AS599, VLOOKUP(R600+1,$D$2:$E$10,2,false)) -> 25 | AU600: =A600-A599 -> 11.891751
