Workbook

Sheet Prestige Patterns
A1: This sheet attempts to model prestige patterns for players, getting a sense of how the length of time between prestiges can be varied to keep things interesting. This is a simplified model with only a single generator but still functions as a demonstration of how these progressions look. A simple decision process is used for when to prestige: the player prestiges when gaining a target amount more prestige currency. For example, if set at 100% the player would prestige each time they would double their prestige currency. The currency gives a global bonus to production, and the "cost" of prestige currency is based on lifetime earnings in the game. Purchases and income are calculated per "tick", so if you have that longer than 1 second you won't be "optimal" in your growth, but should still be fine.
A3: Generator
A4: Base Income | B4: 20
A5: Starting Cost | B5: 4
A6: Cost Mult Factor | B6: 1.05
A9: Count Bonus (Non-Cumulative)
A10: 25 | B10: 2
A11: 50 | B11: 2
A12: 100 | B12: 4
A13: 200 | B13: 4
A14: 300 | B14: 8
A15: 400 | B15: 8
A16: 500 | B16: 16
A17: 600 | B17: 16
A18: 700 | B18: 32
A20: Seconds / tick | B20: 30
A22: Prestige Divisor | B22: 100000
A23: Prestige Fractional Exponent | B23: 0.5
A25: Prestige Currency Multiplier | B25: 0.01
A27: Prestige when gaining... | B27: 0.5
A28: First prestige to get X currency | B28: 50

Sheet Calc for Prestige Patterns
C1: Time (minutes) | D1: Currency Balance | E1: Generator Count | F1: Cost | G1: Max Afford | H1: Prestige Currency | I1: Prestige Mult | J1: Prestige to Gain | K1: Lifetime Earnings | L1: Prestige Number | N1: Income / sec | O1: Base Incom Value | P1: Bonus for Count | S1: Tick
C2: =(S2*'Prestige Patterns'!$B$20)/60 -> 0.5 | D2: 0 | E2: 1 | F2: 0 | G2: 0 | H2: 0 | I2: 1 | J2: 0 | K2: 0 | L2: 0 | N2: =P2*O2*I2 -> 20 | O2: ='Prestige Patterns'!$B$4*E2 -> 20 | P2: 1 | S2: 1 | U2: Cumulative Bonuses
C3: =(S3*'Prestige Patterns'!$B$20)/60 -> 1 | D3: =if(L2=L3,N2*'Prestige Patterns'!$B$20+D2-F3,0) -> 600 | E3: =if(L2=L3,E2+G3,1) -> 1 | F3: ='Prestige Patterns'!$B$5*('Prestige Patterns'!$B$6^E2-'Prestige Patterns'!$B$6^(E2+G3))/(1-'Prestige Patterns'!$B$6) -> 0 | G3: =floor(LOG('Prestige Patterns'!$B$6^(E2) - (D2*(1-'Prestige Patterns'!$B$6)/'Prestige Patterns'!$B$5),'Prestige Patterns'!$B$6)-E2,1) -> 0 | H3: =if(L3=L2,H2,H2+J2) -> 0 | I3: =1+H3*'Prestige Patterns'!$B$25 -> 1 | J3: =floor((K3/'Prestige Patterns'!$B$22)^'Prestige Patterns'!$B$23,1)-H2 -> 0 | K3: =K2+N2*'Prestige Patterns'!$B$20 -> 600 | L3: =if(J2>='Prestige Patterns'!$B$28,if(J2/(H2+1)>('Prestige Patterns'!$B$27+1),L2+1,L2),L2) -> 0 | N3: =P3*O3*I3 -> 20 | O3: ='Prestige Patterns'!$B$4*E3 -> 20 | P3: =if(isna(VLOOKUP(E3,$U$3:$V$11,2,true)),P2, VLOOKUP(E3,$U$3:$V$11,2,true)) -> 1 | S3: 2 | U3: ='Prestige Patterns'!A10 -> 25 | V3: ='Prestige Patterns'!B10 -> 2
C4: =(S4*'Prestige Patterns'!$B$20)/60 -> 1.5 | D4: =if(L3=L4,N3*'Prestige Patterns'!$B$20+D3-F4,0) -> 632.02665 | E4: =if(L3=L4,E3+G4,1) -> 43 | F4: ='Prestige Patterns'!$B$5*('Prestige Patterns'!$B$6^E3-'Prestige Patterns'!$B$6^(E3+G4))/(1-'Prestige Patterns'!$B$6) -> 567.97335 | G4: =floor(LOG('Prestige Patterns'!$B$6^(E3) - (D3*(1-'Prestige Patterns'!$B$6)/'Prestige Patterns'!$B$5),'Prestige Patterns'!$B$6)-E3,1) -> 42 | H4: =if(L4=L3,H3,H3+J3) -> 0 | I4: =1+H4*'Prestige Patterns'!$B$25 -> 1 | J4: =floor((K4/'Prestige Patterns'!$B$22)^'Prestige Patterns'!$B$23,1)-H3 -> 0 | K4: =K3+N3*'Prestige Patterns'!$B$20 -> 1200 | L4: =if(J3>='Prestige Patterns'!$B$28,if(J3/(H3+1)>('Prestige Patterns'!$B$27+1),L3+1,L3),L3) -> 0 | N4: =P4*O4*I4 -> 1720 | O4: ='Prestige Patterns'!$B$4*E4 -> 860 | P4: =if(isna(VLOOKUP(E4,$U$3:$V$11,2,true)),P3, VLOOKUP(E4,$U$3:$V$11,2,true)) -> 2 | S4: 3 | U4: ='Prestige Patterns'!A11 -> 50 | V4: =V3*'Prestige Patterns'!B11 -> 4
C5: =(S5*'Prestige Patterns'!$B$20)/60 -> 2 | D5: =if(L4=L5,N4*'Prestige Patterns'!$B$20+D4-F5,0) -> 51654.607 | E5: =if(L4=L5,E4+G5,1) -> 56 | F5: ='Prestige Patterns'!$B$5*('Prestige Patterns'!$B$6^E4-'Prestige Patterns'!$B$6^(E4+G5))/(1-'Prestige Patterns'!$B$6) -> 577.41964 | G5: =floor(LOG('Prestige Patterns'!$B$6^(E4) - (D4*(1-'Prestige Patterns'!$B$6)/'Prestige Patterns'!$B$5),'Prestige Patterns'!$B$6)-E4,1) -> 13 | H5: =if(L5=L4,H4,H4+J4) -> 0 | I5: =1+H5*'Prestige Patterns'!$B$25 -> 1 | J5: =floor((K5/'Prestige Patterns'!$B$22)^'Prestige Patterns'!$B$23,1)-H4 -> 0 | K5: =K4+N4*'Prestige Patterns'!$B$20 -> 52800 | L5: =if(J4>='Prestige Patterns'!$B$28,if(J4/(H4+1)>('Prestige Patterns'!$B$27+1),L4+1,L4),L4) -> 0 | N5: =P5*O5*I5 -> 4480 | O5: ='Prestige Patterns'!$B$4*E5 -> 1120 | P5: =if(isna(VLOOKUP(E5,$U$3:$V$11,2,true)),P4, VLOOKUP(E5,$U$3:$V$11,2,true)) -> 4 | S5: 4 | U5: ='Prestige Patterns'!A12 -> 100 | V5: =V4*'Prestige Patterns'!B12 -> 16
C6: =(S6*'Prestige Patterns'!$B$20)/60 -> 2.5 | D6: =if(L5=L6,N5*'Prestige Patterns'!$B$20+D5-F6,0) -> 134649.95 | E6: =if(L5=L6,E5+G6,1) -> 133 | F6: ='Prestige Patterns'!$B$5*('Prestige Patterns'!$B$6^E5-'Prestige Patterns'!$B$6^(E5+G6))/(1-'Prestige Patterns'!$B$6) -> 51404.654 | G6: =floor(LOG('Prestige Patterns'!$B$6^(E5) - (D5*(1-'Prestige Patterns'!$B$6)/'Prestige Patterns'!$B$5),'Prestige Patterns'!$B$6)-E5,1) -> 77 | H6: =if(L6=L5,H5,H5+J5) -> 0 | I6: =1+H6*'Prestige Patterns'!$B$25 -> 1 | J6: =floor((K6/'Prestige Patterns'!$B$22)^'Prestige Patterns'!$B$23,1)-H5 -> 1 | K6: =K5+N5*'Prestige Patterns'!$B$20 -> 187200 | L6: =if(J5>='Prestige Patterns'!$B$28,if(J5/(H5+1)>('Prestige Patterns'!$B$27+1),L5+1,L5),L5) -> 0 | N6: =P6*O6*I6 -> 42560 | O6: ='Prestige Patterns'!$B$4*E6 -> 2660 | P6: =if(isna(VLOOKUP(E6,$U$3:$V$11,2,true)),P5, VLOOKUP(E6,$U$3:$V$11,2,true)) -> 16 | S6: 5 | U6: ='Prestige Patterns'!A13 -> 200 | V6: =V5*'Prestige Patterns'!B13 -> 64
C7: =(S7*'Prestige Patterns'!$B$20)/60 -> 3 | D7: =if(L6=L7,N6*'Prestige Patterns'!$B$20+D6-F7,0) -> 1276934.6 | E7: =if(L6=L7,E6+G7,1) -> 159 | F7: ='Prestige Patterns'!$B$5*('Prestige Patterns'!$B$6^E6-'Prestige Patterns'!$B$6^(E6+G7))/(1-'Prestige Patterns'!$B$6) -> 134515.4 | G7: =floor(LOG('Prestige Patterns'!$B$6^(E6) - (D6*(1-'Prestige Patterns'!$B$6)/'Prestige Patterns'!$B$5),'Prestige Patterns'!$B$6)-E6,1) -> 26 | H7: =if(L7=L6,H6,H6+J6) -> 0 | I7: =1+H7*'Prestige Patterns'!$B$25 -> 1 | J7: =floor((K7/'Prestige Patterns'!$B$22)^'Prestige Patterns'!$B$23,1)-H6 -> 3 | K7: =K6+N6*'Prestige Patterns'!$B$20 -> 1464000 | L7: =if(J6>='Prestige Patterns'!$B$28,if(J6/(H6+1)>('Prestige Patterns'!$B$27+1),L6+1,L6),L6) -> 0 | N7: =P7*O7*I7 -> 50880 | O7: ='Prestige Patterns'!$B$4*E7 -> 3180 | P7: =if(isna(VLOOKUP(E7,$U$3:$V$11,2,true)),P6, VLOOKUP(E7,$U$3:$V$11,2,true)) -> 16 | S7: 6 | U7: ='Prestige Patterns'!A14 -> 300 | V7: =V6*'Prestige Patterns'!B14 -> 512
C8: =(S8*'Prestige Patterns'!$B$20)/60 -> 3.5 | D8: =if(L7=L8,N7*'Prestige Patterns'!$B$20+D7-F8,0) -> 1537907.2 | E8: =if(L7=L8,E7+G8,1) -> 201 | F8: ='Prestige Patterns'!$B$5*('Prestige Patterns'!$B$6^E7-'Prestige Patterns'!$B$6^(E7+G8))/(1-'Prestige Patterns'!$B$6) -> 1265427.3 | G8: =floor(LOG('Prestige Patterns'!$B$6^(E7) - (D7*(1-'Prestige Patterns'!$B$6)/'Prestige Patterns'!$B$5),'Prestige Patterns'!$B$6)-E7,1) -> 42 | H8: =if(L8=L7,H7,H7+J7) -> 0 | I8: =1+H8*'Prestige Patterns'!$B$25 -> 1 | J8: =floor((K8/'Prestige Patterns'!$B$22)^'Prestige Patterns'!$B$23,1)-H7 -> 5 | K8: =K7+N7*'Prestige Patterns'!$B$20 -> 2990400 | L8: =if(J7>='Prestige Patterns'!$B$28,if(J7/(H7+1)>('Prestige Patterns'!$B$27+1),L7+1,L7),L7) -> 0 | N8: =P8*O8*I8 -> 257280 | O8: ='Prestige Patterns'!$B$4*E8 -> 4020 | P8: =if(isna(VLOOKUP(E8,$U$3:$V$11,2,true)),P7, VLOOKUP(E8,$U$3:$V$11,2,true)) -> 64 | S8: 7 | U8: ='Prestige Patterns'!A15 -> 400 | V8: =V7*'Prestige Patterns'!B15 -> 4096
C9: =(S9*'Prestige Patterns'!$B$20)/60 -> 4 | D9: =if(L8=L9,N8*'Prestige Patterns'!$B$20+D8-F9,0) -> 7832881.3 | E9: =if(L8=L9,E8+G9,1) -> 215 | F9: ='Prestige Patterns'!$B$5*('Prestige Patterns'!$B$6^E8-'Prestige Patterns'!$B$6^(E8+G9))/(1-'Prestige Patterns'!$B$6) -> 1423425.9 | G9: =floor(LOG('Prestige Patterns'!$B$6^(E8) - (D8*(1-'Prestige Patterns'!$B$6)/'Prestige Patterns'!$B$5),'Prestige Patterns'!$B$6)-E8,1) -> 14 | H9: =if(L9=L8,H8,H8+J8) -> 0 | I9: =1+H9*'Prestige Patterns'!$B$25 -> 1 | J9: =floor((K9/'Prestige Patterns'!$B$22)^'Prestige Patterns'!$B$23,1)-H8 -> 10 | K9: =K8+N8*'Prestige Patterns'!$B$20 -> 10708800 | L9: =if(J8>='Prestige Patterns'!$B$28,if(J8/(H8+1)>('Prestige Patterns'!$B$27+1),L8+1,L8),L8) -> 0 | N9: =P9*O9*I9 -> 275200 | O9: ='Prestige Patterns'!$B$4*E9 -> 4300 | P9: =if(isna(VLOOKUP(E9,$U$3:$V$11,2,true)),P8, VLOOKUP(E9,$U$3:$V$11,2,true)) -> 64 | S9: 8 | U9: ='Prestige Patterns'!A16 -> 500 | V9: =V8*'Prestige Patterns'!B16 -> 65536
C10: =(S10*'Prestige Patterns'!$B$20)/60 -> 4.5 | D10: =if(L9=L10,N9*'Prestige Patterns'!$B$20+D9-F10,0) -> 8738759.8 | E10: =if(L9=L10,E9+G10,1) -> 241 | F10: ='Prestige Patterns'!$B$5*('Prestige Patterns'!$B$6^E9-'Prestige Patterns'!$B$6^(E9+G10))/(1-'Prestige Patterns'!$B$6) -> 7350121.5 | G10: =floor(LOG('Prestige Patterns'!$B$6^(E9) - (D9*(1-'Prestige Patterns'!$B$6)/'Prestige Patterns'!$B$5),'Prestige Patterns'!$B$6)-E9,1) -> 26 | H10: =if(L10=L9,H9,H9+J9) -> 0 | I10: =1+H10*'Prestige Patterns'!$B$25 -> 1 | J10: =floor((K10/'Prestige Patterns'!$B$22)^'Prestige Patterns'!$B$23,1)-H9 -> 13 | K10: =K9+N9*'Prestige Patterns'!$B$20 -> 18964800 | L10: =if(J9>='Prestige Patterns'!$B$28,if(J9/(H9+1)>('Prestige Patterns'!$B$27+1),L9+1,L9),L9) -> 0 | N10: =P10*O10*I10 -> 308480 | O10: ='Prestige Patterns'!$B$4*E10 -> 4820 | P10: =if(isna(VLOOKUP(E10,$U$3:$V$11,2,true)),P9, VLOOKUP(E10,$U$3:$V$11,2,true)) -> 64 | S10: 9 | U10: ='Prestige Patterns'!A17 -> 600 | V10: =V9*'Prestige Patterns'!B17 -> 1048576
C11: =(S11*'Prestige Patterns'!$B$20)/60 -> 5 | D11: =if(L10=L11,N10*'Prestige Patterns'!$B$20+D10-F11,0) -> 9854634.2 | E11: =if(L10=L11,E10+G11,1) -> 253 | F11: ='Prestige Patterns'!$B$5*('Prestige Patterns'!$B$6^E10-'Prestige Patterns'!$B$6^(E10+G11))/(1-'Prestige Patterns'!$B$6) -> 8138525.6 | G11: =floor(LOG('Prestige Patterns'!$B$6^(E10) - (D10*(1-'Prestige Patterns'!$B$6)/'Prestige Patterns'!$B$5),'Prestige Patterns'!$B$6)-E10,1) -> 12 | H11: =if(L11=L10,H10,H10+J10) -> 0 | I11: =1+H11*'Prestige Patterns'!$B$25 -> 1 | J11: =floor((K11/'Prestige Patterns'!$B$22)^'Prestige Patterns'!$B$23,1)-H10 -> 16 | K11: =K10+N10*'Prestige Patterns'!$B$20 -> 28219200 | L11: =if(J10>='Prestige Patterns'!$B$28,if(J10/(H10+1)>('Prestige Patterns'!$B$27+1),L10+1,L10),L10) -> 0 | N11: =P11*O11*I11 -> 323840 | O11: ='Prestige Patterns'!$B$4*E11 -> 5060 | P11: =if(isna(VLOOKUP(E11,$U$3:$V$11,2,true)),P10, VLOOKUP(E11,$U$3:$V$11,2,true)) -> 64 | S11: 10 | U11: ='Prestige Patterns'!A18 -> 700 | V11: =V10*'Prestige Patterns'!B18 -> 33554432
C12: =(S12*'Prestige Patterns'!$B$20)/60 -> 5.5 | D12: =if(L11=L12,N11*'Prestige Patterns'!$B$20+D11-F12,0) -> 10801532 | E12: =if(L11=L12,E11+G12,1) -> 261 | F12: ='Prestige Patterns'!$B$5*('Prestige Patterns'!$B$6^E11-'Prestige Patterns'!$B$6^(E11+G12))/(1-'Prestige Patterns'!$B$6) -> 8768302 | G12: =floor(LOG('Prestige Patterns'!$B$6^(E11) - (D11*(1-'Prestige Patterns'!$B$6)/'Prestige Patterns'!$B$5),'Prestige Patterns'!$B$6)-E11,1) -> 8 | H12: =if(L12=L11,H11,H11+J11) -> 0 | I12: =1+H12*'Prestige Patterns'!$B$25 -> 1 | J12: =floor((K12/'Prestige Patterns'!$B$22)^'Prestige Patterns'!$B$23,1)-H11 -> 19 | K12: =K11+N11*'Prestige Patterns'!$B$20 -> 37934400 | L12: =if(J11>='Prestige Patterns'!$B$28,if(J11/(H11+1)>('Prestige Patterns'!$B$27+1),L11+1,L11),L11) -> 0 | N12: =P12*O12*I12 -> 334080 | O12: ='Prestige Patterns'!$B$4*E12 -> 5220 | P12: =if(isna(VLOOKUP(E12,$U$3:$V$11,2,true)),P11, VLOOKUP(E12,$U$3:$V$11,2,true)) -> 64 | S12: 11
C13: =(S13*'Prestige Patterns'!$B$20)/60 -> 6 | D13: =if(L12=L13,N12*'Prestige Patterns'!$B$20+D12-F13,0) -> 11596134 | E13: =if(L12=L13,E12+G13,1) -> 267 | F13: ='Prestige Patterns'!$B$5*('Prestige Patterns'!$B$6^E12-'Prestige Patterns'!$B$6^(E12+G13))/(1-'Prestige Patterns'!$B$6) -> 9227798.6 | G13: =floor(LOG('Prestige Patterns'!$B$6^(E12) - (D12*(1-'Prestige Patterns'!$B$6)/'Prestige Patterns'!$B$5),'Prestige Patterns'!$B$6)-E12,1) -> 6 | H13: =if(L13=L12,H12,H12+J12) -> 0 | I13: =1+H13*'Prestige Patterns'!$B$25 -> 1 | J13: =floor((K13/'Prestige Patterns'!$B$22)^'Prestige Patterns'!$B$23,1)-H12 -> 21 | K13: =K12+N12*'Prestige Patterns'!$B$20 -> 47956800 | L13: =if(J12>='Prestige Patterns'!$B$28,if(J12/(H12+1)>('Prestige Patterns'!$B$27+1),L12+1,L12),L12) -> 0 | N13: =P13*O13*I13 -> 341760 | O13: ='Prestige Patterns'!$B$4*E13 -> 5340 | P13: =if(isna(VLOOKUP(E13,$U$3:$V$11,2,true)),P12, VLOOKUP(E13,$U$3:$V$11,2,true)) -> 64 | S13: 12
C14: =(S14*'Prestige Patterns'!$B$20)/60 -> 6.5 | D14: =if(L13=L14,N13*'Prestige Patterns'!$B$20+D13-F14,0) -> 11803129 | E14: =if(L13=L14,E13+G14,1) -> 272 | F14: ='Prestige Patterns'!$B$5*('Prestige Patterns'!$B$6^E13-'Prestige Patterns'!$B$6^(E13+G14))/(1-'Prestige Patterns'!$B$6) -> 10045805 | G14: =floor(LOG('Prestige Patterns'!$B$6^(E13) - (D13*(1-'Prestige Patterns'!$B$6)/'Prestige Patterns'!$B$5),'Prestige Patterns'!$B$6)-E13,1) -> 5 | H14: =if(L14=L13,H13,H13+J13) -> 0 | I14: =1+H14*'Prestige Patterns'!$B$25 -> 1 | J14: =floor((K14/'Prestige Patterns'!$B$22)^'Prestige Patterns'!$B$23,1)-H13 -> 24 | K14: =K13+N13*'Prestige Patterns'!$B$20 -> 58209600 | L14: =if(J13>='Prestige Patterns'!$B$28,if(J13/(H13+1)>('Prestige Patterns'!$B$27+1),L13+1,L13),L13) -> 0 | N14: =P14*O14*I14 -> 348160 | O14: ='Prestige Patterns'!$B$4*E14 -> 5440 | P14: =if(isna(VLOOKUP(E14,$U$3:$V$11,2,true)),P13, VLOOKUP(E14,$U$3:$V$11,2,true)) -> 64 | S14: 13
C15: =(S15*'Prestige Patterns'!$B$20)/60 -> 7 | D15: =if(L14=L15,N14*'Prestige Patterns'!$B$20+D14-F15,0) -> 12247026 | E15: =if(L14=L15,E14+G15,1) -> 276 | F15: ='Prestige Patterns'!$B$5*('Prestige Patterns'!$B$6^E14-'Prestige Patterns'!$B$6^(E14+G15))/(1-'Prestige Patterns'!$B$6) -> 10000903 | G15: =floor(LOG('Prestige Patterns'!$B$6^(E14) - (D14*(1-'Prestige Patterns'!$B$6)/'Prestige Patterns'!$B$5),'Prestige Patterns'!$B$6)-E14,1) -> 4 | H15: =if(L15=L14,H14,H14+J14) -> 0 | I15: =1+H15*'Prestige Patterns'!$B$25 -> 1 | J15: =floor((K15/'Prestige Patterns'!$B$22)^'Prestige Patterns'!$B$23,1)-H14 -> 26 | K15: =K14+N14*'Prestige Patterns'!$B$20 -> 68654400 | L15: =if(J14>='Prestige Patterns'!$B$28,if(J14/(H14+1)>('Prestige Patterns'!$B$27+1),L14+1,L14),L14) -> 0 | N15: =P15*O15*I15 -> 353280 | O15: ='Prestige Patterns'!$B$4*E15 -> 5520 | P15: =if(isna(VLOOKUP(E15,$U$3:$V$11,2,true)),P14, VLOOKUP(E15,$U$3:$V$11,2,true)) -> 64 | S15: 14
C16: =(S16*'Prestige Patterns'!$B$20)/60 -> 7.5 | D16: =if(L15=L16,N15*'Prestige Patterns'!$B$20+D15-F16,0) -> 10689266 | E16: =if(L15=L16,E15+G16,1) -> 280 | F16: ='Prestige Patterns'!$B$5*('Prestige Patterns'!$B$6^E15-'Prestige Patterns'!$B$6^(E15+G16))/(1-'Prestige Patterns'!$B$6) -> 12156160 | G16: =floor(LOG('Prestige Patterns'!$B$6^(E15) - (D15*(1-'Prestige Patterns'!$B$6)/'Prestige Patterns'!$B$5),'Prestige Patterns'!$B$6)-E15,1) -> 4 | H16: =if(L16=L15,H15,H15+J15) -> 0 | I16: =1+H16*'Prestige Patterns'!$B$25 -> 1 | J16: =floor((K16/'Prestige Patterns'!$B$22)^'Prestige Patterns'!$B$23,1)-H15 -> 28 | K16: =K15+N15*'Prestige Patterns'!$B$20 -> 79252800 | L16: =if(J15>='Prestige Patterns'!$B$28,if(J15/(H15+1)>('Prestige Patterns'!$B$27+1),L15+1,L15),L15) -> 0 | N16: =P16*O16*I16 -> 358400 | O16: ='Prestige Patterns'!$B$4*E16 -> 5600 | P16: =if(isna(VLOOKUP(E16,$U$3:$V$11,2,true)),P15, VLOOKUP(E16,$U$3:$V$11,2,true)) -> 64 | S16: 15
C17: =(S17*'Prestige Patterns'!$B$20)/60 -> 8 | D17: =if(L16=L17,N16*'Prestige Patterns'!$B$20+D16-F17,0) -> 14413495 | E17: =if(L16=L17,E16+G17,1) -> 282 | F17: ='Prestige Patterns'!$B$5*('Prestige Patterns'!$B$6^E16-'Prestige Patterns'!$B$6^(E16+G17))/(1-'Prestige Patterns'!$B$6) -> 7027770.8 | G17: =floor(LOG('Prestige Patterns'!$B$6^(E16) - (D16*(1-'Prestige Patterns'!$B$6)/'Prestige Patterns'!$B$5),'Prestige Patterns'!$B$6)-E16,1) -> 2 | H17: =if(L17=L16,H16,H16+J16) -> 0 | I17: =1+H17*'Prestige Patterns'!$B$25 -> 1 | J17: =floor((K17/'Prestige Patterns'!$B$22)^'Prestige Patterns'!$B$23,1)-H16 -> 30 | K17: =K16+N16*'Prestige Patterns'!$B$20 -> 90004800 | L17: =if(J16>='Prestige Patterns'!$B$28,if(J16/(H16+1)>('Prestige Patterns'!$B$27+1),L16+1,L16),L16) -> 0 | N17: =P17*O17*I17 -> 360960 | O17: ='Prestige Patterns'!$B$4*E17 -> 5640 | P17: =if(isna(VLOOKUP(E17,$U$3:$V$11,2,true)),P16, VLOOKUP(E17,$U$3:$V$11,2,true)) -> 64 | S17: 16
C18: =(S18*'Prestige Patterns'!$B$20)/60 -> 8.5 | D18: =if(L17=L18,N17*'Prestige Patterns'!$B$20+D17-F18,0) -> 13327202 | E18: =if(L17=L18,E17+G18,1) -> 285 | F18: ='Prestige Patterns'!$B$5*('Prestige Patterns'!$B$6^E17-'Prestige Patterns'!$B$6^(E17+G18))/(1-'Prestige Patterns'!$B$6) -> 11915093 | G18: =floor(LOG('Prestige Patterns'!$B$6^(E17) - (D17*(1-'Prestige Patterns'!$B$6)/'Prestige Patterns'!$B$5),'Prestige Patterns'!$B$6)-E17,1) -> 3 | H18: =if(L18=L17,H17,H17+J17) -> 0 | I18: =1+H18*'Prestige Patterns'!$B$25 -> 1 | J18: =floor((K18/'Prestige Patterns'!$B$22)^'Prestige Patterns'!$B$23,1)-H17 -> 31 | K18: =K17+N17*'Prestige Patterns'!$B$20 -> 100833600 | L18: =if(J17>='Prestige Patterns'!$B$28,if(J17/(H17+1)>('Prestige Patterns'!$B$27+1),L17+1,L17),L17) -> 0 | N18: =P18*O18*I18 -> 364800 | O18: ='Prestige Patterns'!$B$4*E18 -> 5700 | P18: =if(isna(VLOOKUP(E18,$U$3:$V$11,2,true)),P17, VLOOKUP(E18,$U$3:$V$11,2,true)) -> 64 | S18: 17
C19: =(S19*'Prestige Patterns'!$B$20)/60 -> 9 | D19: =if(L18=L19,N18*'Prestige Patterns'!$B$20+D18-F19,0) -> 15301788 | E19: =if(L18=L19,E18+G19,1) -> 287 | F19: ='Prestige Patterns'!$B$5*('Prestige Patterns'!$B$6^E18-'Prestige Patterns'!$B$6^(E18+G19))/(1-'Prestige Patterns'!$B$6) -> 8969414.4 | G19: =floor(LOG('Prestige Patterns'!$B$6^(E18) - (D18*(1-'Prestige Patterns'!$B$6)/'Prestige Patterns'!$B$5),'Prestige Patterns'!$B$6)-E18,1) -> 2 | H19: =if(L19=L18,H18,H18+J18) -> 0 | I19: =1+H19*'Prestige Patterns'!$B$25 -> 1 | J19: =floor((K19/'Prestige Patterns'!$B$22)^'Prestige Patterns'!$B$23,1)-H18 -> 33 | K19: =K18+N18*'Prestige Patterns'!$B$20 -> 111777600 | L19: =if(J18>='Prestige Patterns'!$B$28,if(J18/(H18+1)>('Prestige Patterns'!$B$27+1),L18+1,L18),L18) -> 0 | N19: =P19*O19*I19 -> 367360 | O19: ='Prestige Patterns'!$B$4*E19 -> 5740 | P19: =if(isna(VLOOKUP(E19,$U$3:$V$11,2,true)),P18, VLOOKUP(E19,$U$3:$V$11,2,true)) -> 64 | S19: 18
C20: =(S20*'Prestige Patterns'!$B$20)/60 -> 9.5 | D20: =if(L19=L20,N19*'Prestige Patterns'!$B$20+D19-F20,0) -> 11115575 | E20: =if(L19=L20,E19+G20,1) -> 290 | F20: ='Prestige Patterns'!$B$5*('Prestige Patterns'!$B$6^E19-'Prestige Patterns'!$B$6^(E19+G20))/(1-'Prestige Patterns'!$B$6) -> 15207013 | G20: =floor(LOG('Prestige Patterns'!$B$6^(E19) - (D19*(1-'Prestige Patterns'!$B$6)/'Prestige Patterns'!$B$5),'Prestige Patterns'!$B$6)-E19,1) -> 3 | H20: =if(L20=L19,H19,H19+J19) -> 0 | I20: =1+H20*'Prestige Patterns'!$B$25 -> 1 | J20: =floor((K20/'Prestige Patterns'!$B$22)^'Prestige Patterns'!$B$23,1)-H19 -> 35 | K20: =K19+N19*'Prestige Patterns'!$B$20 -> 122798400 | L20: =if(J19>='Prestige Patterns'!$B$28,if(J19/(H19+1)>('Prestige Patterns'!$B$27+1),L19+1,L19),L19) -> 0 | N20: =P20*O20*I20 -> 371200 | O20: ='Prestige Patterns'!$B$4*E20 -> 5800 | P20: =if(isna(VLOOKUP(E20,$U$3:$V$11,2,true)),P19, VLOOKUP(E20,$U$3:$V$11,2,true)) -> 64 | S20: 19
C21: =(S21*'Prestige Patterns'!$B$20)/60 -> 10 | D21: =if(L20=L21,N20*'Prestige Patterns'!$B$20+D20-F21,0) -> 16667430 | E21: =if(L20=L21,E20+G21,1) -> 291 | F21: ='Prestige Patterns'!$B$5*('Prestige Patterns'!$B$6^E20-'Prestige Patterns'!$B$6^(E20+G21))/(1-'Prestige Patterns'!$B$6) -> 5584145.4 | G21: =floor(LOG('Prestige Patterns'!$B$6^(E20) - (D20*(1-'Prestige Patterns'!$B$6)/'Prestige Patterns'!$B$5),'Prestige Patterns'!$B$6)-E20,1) -> 1 | H21: =if(L21=L20,H20,H20+J20) -> 0 | I21: =1+H21*'Prestige Patterns'!$B$25 -> 1 | J21: =floor((K21/'Prestige Patterns'!$B$22)^'Prestige Patterns'!$B$23,1)-H20 -> 36 | K21: =K20+N20*'Prestige Patterns'!$B$20 -> 133934400 | L21: =if(J20>='Prestige Patterns'!$B$28,if(J20/(H20+1)>('Prestige Patterns'!$B$27+1),L20+1,L20),L20) -> 0 | N21: =P21*O21*I21 -> 372480 | O21: ='Prestige Patterns'!$B$4*E21 -> 5820 | P21: =if(isna(VLOOKUP(E21,$U$3:$V$11,2,true)),P20, VLOOKUP(E21,$U$3:$V$11,2,true)) -> 64 | S21: 20
C22: =(S22*'Prestige Patterns'!$B$20)/60 -> 10.5 | D22: =if(L21=L22,N21*'Prestige Patterns'!$B$20+D21-F22,0) -> 15821957 | E22: =if(L21=L22,E21+G22,1) -> 293 | F22: ='Prestige Patterns'!$B$5*('Prestige Patterns'!$B$6^E21-'Prestige Patterns'!$B$6^(E21+G22))/(1-'Prestige Patterns'!$B$6) -> 12019873 | G22: =floor(LOG('Prestige Patterns'!$B$6^(E21) - (D21*(1-'Prestige Patterns'!$B$6)/'Prestige Patterns'!$B$5),'Prestige Patterns'!$B$6)-E21,1) -> 2 | H22: =if(L22=L21,H21,H21+J21) -> 0 | I22: =1+H22*'Prestige Patterns'!$B$25 -> 1 | J22: =floor((K22/'Prestige Patterns'!$B$22)^'Prestige Patterns'!$B$23,1)-H21 -> 38 | K22: =K21+N21*'Prestige Patterns'!$B$20 -> 145108800 | L22: =if(J21>='Prestige Patterns'!$B$28,if(J21/(H21+1)>('Prestige Patterns'!$B$27+1),L21+1,L21),L21) -> 0 | N22: =P22*O22*I22 -> 375040 | O22: ='Prestige Patterns'!$B$4*E22 -> 5860 | P22: =if(isna(VLOOKUP(E22,$U$3:$V$11,2,true)),P21, VLOOKUP(E22,$U$3:$V$11,2,true)) -> 64 | S22: 21
C23: =(S23*'Prestige Patterns'!$B$20)/60 -> 11 | D23: =if(L22=L23,N22*'Prestige Patterns'!$B$20+D22-F23,0) -> 13821246 | E23: =if(L22=L23,E22+G23,1) -> 295 | F23: ='Prestige Patterns'!$B$5*('Prestige Patterns'!$B$6^E22-'Prestige Patterns'!$B$6^(E22+G23))/(1-'Prestige Patterns'!$B$6) -> 13251910 | G23: =floor(LOG('Prestige Patterns'!$B$6^(E22) - (D22*(1-'Prestige Patterns'!$B$6)/'Prestige Patterns'!$B$5),'Prestige Patterns'!$B$6)-E22,1) -> 2 | H23: =if(L23=L22,H22,H22+J22) -> 0 | I23: =1+H23*'Prestige Patterns'!$B$25 -> 1 | J23: =floor((K23/'Prestige Patterns'!$B$22)^'Prestige Patterns'!$B$23,1)-H22 -> 39 | K23: =K22+N22*'Prestige Patterns'!$B$20 -> 156360000 | L23: =if(J22>='Prestige Patterns'!$B$28,if(J22/(H22+1)>('Prestige Patterns'!$B$27+1),L22+1,L22),L22) -> 0 | N23: =P23*O23*I23 -> 377600 | O23: ='Prestige Patterns'!$B$4*E23 -> 5900 | P23: =if(isna(VLOOKUP(E23,$U$3:$V$11,2,true)),P22, VLOOKUP(E23,$U$3:$V$11,2,true)) -> 64 | S23: 22
... C751: =(S751*'Prestige Patterns'!$B$20)/60 -> 375 | D751: =if(L750=L751,N750*'Prestige Patterns'!$B$20+D750-F751,0) -> 4.7636e+18 | E751: =if(L750=L751,E750+G751,1) -> 832 | F751: ='Prestige Patterns'!$B$5*('Prestige Patterns'!$B$6^E750-'Prestige Patterns'!$B$6^(E750+G751))/(1-'Prestige Patterns'!$B$6) -> 4.64135e+18 | G751: =floor(LOG('Prestige Patterns'!$B$6^(E750) - (D750*(1-'Prestige Patterns'!$B$6)/'Prestige Patterns'!$B$5),'Prestige Patterns'!$B$6)-E750,1) -> 3 | H751: =if(L751=L750,H750,H750+J750) -> 26864331 | I751: =1+H751*'Prestige Patterns'!$B$25 -> 268644.31 | J751: =floor((K751/'Prestige Patterns'!$B$22)^'Prestige Patterns'!$B$23,1)-H750 -> 6726756 | K751: =K750+N750*'Prestige Patterns'!$B$20 -> 1.12836e+20 | L751: =if(J750>='Prestige Patterns'!$B$28,if(J750/(H750+1)>('Prestige Patterns'!$B$27+1),L750+1,L750),L750) -> 15 | N751: =P751*O751*I751 -> 1.49996e+17 | O751: ='Prestige Patterns'!$B$4*E751 -> 16640 | P751: =if(isna(VLOOKUP(E751,$U$3:$V$11,2,true)),P750, VLOOKUP(E751,$U$3:$V$11,2,true)) -> 33554432 | S751: 750
